id	data_source	covid_related
07115	Data cleaned by Emil and Christine	0
06023	Data cleaned by Emil and Christine	1
20409	Data cleaned by Emil and Christine	0
01540	Data cleaned by Emil and Christine	0
19479	Data cleaned by Emil and Christine	0
01355	Data cleaned by Emil and Christine	0
19314	Data cleaned by Emil and Christine	0
06086	Data cleaned by Emil and Christine	0
01542	Data cleaned by Emil and Christine	0
06099	Data cleaned by Emil and Christine	0
06064	Data cleaned by Emil and Christine	0
05137	Data cleaned by Emil and Christine	0
20019	Data cleaned by Emil and Christine	0
06030	Data cleaned by Emil and Christine	0
19452	Data cleaned by Emil and Christine	0
06054	Data cleaned by Emil and Christine	0
01607	Data cleaned by Emil and Christine	0
01350	Data cleaned by Emil and Christine	0
191105	Data cleaned by Emil and Christine	0
01280	Data cleaned by Emil and Christine	0
01324	Data cleaned by Emil and Christine	0
20006	Data cleaned by Emil and Christine	0
06031	Data cleaned by Emil and Christine	0
01353	Data cleaned by Emil and Christine	0
06088	Data cleaned by Emil and Christine	0
01345	Data cleaned by Emil and Christine	0
191081	Data cleaned by Emil and Christine	0
19298	Data cleaned by Emil and Christine	0
20030	Data cleaned by Emil and Christine	0
20360	Data cleaned by Emil and Christine	0
06065	Data cleaned by Emil and Christine	0
191087	Data cleaned by Emil and Christine	0
20183	Data cleaned by Emil and Christine	0
19435	Data cleaned by Emil and Christine	0
19306	Data cleaned by Emil and Christine	0
05058	Data cleaned by Emil and Christine	0
19460	Data cleaned by Emil and Christine	0
01332	Data cleaned by Emil and Christine	0
01335	Data cleaned by Emil and Christine	0
20007	Data cleaned by Emil and Christine	0
20785	Data cleaned by Emil and Christine	0
19523	Data cleaned by Emil and Christine	0
01381	Data cleaned by Emil and Christine	0
01682	Data cleaned by Emil and Christine	1
20222	Data cleaned by Emil and Christine	0
06056	Data cleaned by Emil and Christine	0
20757	Data cleaned by Emil and Christine	0
19318	Data cleaned by Emil and Christine	0
06036	Data cleaned by Emil and Christine	0
01384	Data cleaned by Emil and Christine	0
20364	Data cleaned by Emil and Christine	0
01282	Data cleaned by Emil and Christine	0
20577	Data cleaned by Emil and Christine	0
01475	Data cleaned by Emil and Christine	0
01368	Data cleaned by Emil and Christine	0
05017	Data cleaned by Emil and Christine	0
191056	Data cleaned by Emil and Christine	0
19320	Data cleaned by Emil and Christine	0
06066	Data cleaned by Emil and Christine	0
19312	Data cleaned by Emil and Christine	0
21114	Data cleaned by Emil and Christine	0
06067	Data cleaned by Emil and Christine	0
191104	Data cleaned by Emil and Christine	0
20009	Data cleaned by Emil and Christine	0
01337	Data cleaned by Emil and Christine	0
20128	Data cleaned by Emil and Christine	0
01605	Data cleaned by Emil and Christine	0
20005	Data cleaned by Emil and Christine	0
19524	Data cleaned by Emil and Christine	0
19317	Data cleaned by Emil and Christine	0
21094	Data cleaned by Emil and Christine	0
20011	Data cleaned by Emil and Christine	0
19418	Data cleaned by Emil and Christine	0
06138	Data cleaned by Emil and Christine	0
19309	Data cleaned by Emil and Christine	0
20206	Data cleaned by Emil and Christine	0
01609	Data cleaned by Emil and Christine	0
01330	Data cleaned by Emil and Christine	0
06025	Data cleaned by Emil and Christine	0
01613	Data cleaned by Emil and Christine	0
191086	Data cleaned by Emil and Christine	0
20473	Data cleaned by Emil and Christine	0
21056	Data cleaned by Emil and Christine	0
20854	Data cleaned by Emil and Christine	0
20450	Data cleaned by Emil and Christine	0
20872	Data cleaned by Emil and Christine	0
06169	Data cleaned by Emil and Christine	0
20692	Data cleaned by Emil and Christine	0
01378	Data cleaned by Emil and Christine	0
21165	Data cleaned by Emil and Christine	0
20683	Data cleaned by Emil and Christine	0
20768	Data cleaned by Emil and Christine	0
01322	Data cleaned by Emil and Christine	0
19319	Data cleaned by Emil and Christine	0
01363	Data cleaned by Emil and Christine	0
191106	Data cleaned by Emil and Christine	0
01259	Data cleaned by Emil and Christine	0
01458	Data cleaned by Emil and Christine	0
20787	Data cleaned by Emil and Christine	0
01370	Data cleaned by Emil and Christine	0
191096	Data cleaned by Emil and Christine	0
01277	Data cleaned by Emil and Christine	0
01570	Data cleaned by Emil and Christine	0
20395	Data cleaned by Emil and Christine	0
06041	Data cleaned by Emil and Christine	0
06085	Data cleaned by Emil and Christine	0
01343	Data cleaned by Emil and Christine	0
05194	Data cleaned by Emil and Christine	0
05000	Data cleaned by Emil and Christine	0
01604	Data cleaned by Emil and Christine	0
01513	Data cleaned by Emil and Christine	0
20859	Data cleaned by Emil and Christine	0
191058	Data cleaned by Emil and Christine	0
01268	Data cleaned by Emil and Christine	0
01333	Data cleaned by Emil and Christine	0
191009	Data cleaned by Emil and Christine	0
05038	Data cleaned by Emil and Christine	0
01550	Data cleaned by Emil and Christine	0
01284	Data cleaned by Emil and Christine	0
01328	Data cleaned by Emil and Christine	0
20410	Data cleaned by Emil and Christine	0
01680	Data cleaned by Emil and Christine	1
01295	Data cleaned by Emil and Christine	0
20781	Data cleaned by Emil and Christine	0
20060	Data cleaned by Emil and Christine	0
05249	Data cleaned by Emil and Christine	0
01362	Data cleaned by Emil and Christine	0
01325	Data cleaned by Emil and Christine	0
20676	Data cleaned by Emil and Christine	0
20746	Data cleaned by Emil and Christine	0
20014	Data cleaned by Emil and Christine	0
19486	Data cleaned by Emil and Christine	0
191112	Data cleaned by Emil and Christine	0
21058	Data cleaned by Emil and Christine	0
20694	Data cleaned by Emil and Christine	0
19982	Data cleaned by Emil and Christine	0
01641	Data cleaned by Emil and Christine	0
20636	Data cleaned by Emil and Christine	0
20470	Data cleaned by Emil and Christine	0
05025	Data cleaned by Emil and Christine	0
01646	Data cleaned by Emil and Christine	0
01349	Data cleaned by Emil and Christine	0
01364	Data cleaned by Emil and Christine	0
20375	Data cleaned by Emil and Christine	0
19484	Data cleaned by Emil and Christine	0
06053	Data cleaned by Emil and Christine	0
20225	Data cleaned by Emil and Christine	0
19493	Data cleaned by Emil and Christine	0
20734	Data cleaned by Emil and Christine	0
01316	Data cleaned by Emil and Christine	0
01346	Data cleaned by Emil and Christine	0
20705	Data cleaned by Emil and Christine	0
20767	Data cleaned by Emil and Christine	0
191017	Data cleaned by Emil and Christine	0
19310	Data cleaned by Emil and Christine	0
19961	Data cleaned by Emil and Christine	0
01545	Data cleaned by Emil and Christine	0
20525	Data cleaned by Emil and Christine	0
06059	Data cleaned by Emil and Christine	0
19445	Data cleaned by Emil and Christine	0
01636	Data cleaned by Emil and Christine	0
16000	Data cleaned by Emil and Christine	0
01459	Data cleaned by Emil and Christine	0
20751	Data cleaned by Emil and Christine	0
01633	Data cleaned by Emil and Christine	0
01273	Data cleaned by Emil and Christine	0
01399	Data cleaned by Emil and Christine	0
20088	Data cleaned by Emil and Christine	0
20447	Data cleaned by Emil and Christine	0
20647	Data cleaned by Emil and Christine	0
06115	Data cleaned by Emil and Christine	0
01515	Data cleaned by Emil and Christine	0
20617	Data cleaned by Emil and Christine	0
01606	Data cleaned by Emil and Christine	0
191114	Data cleaned by Emil and Christine	0
20545	Data cleaned by Emil and Christine	0
01662	Data cleaned by Emil and Christine	0
20530	Data cleaned by Emil and Christine	0
07037	Data cleaned by Emil and Christine	0
01599	Data cleaned by Emil and Christine	0
01664	Data cleaned by Emil and Christine	0
20179	Data cleaned by Emil and Christine	0
06174	Data cleaned by Emil and Christine	0
20774	Data cleaned by Emil and Christine	0
20055	Data cleaned by Emil and Christine	0
20050	Data cleaned by Emil and Christine	0
19934	Data cleaned by Emil and Christine	0
01507	Data cleaned by Emil and Christine	0
05093	Data cleaned by Emil and Christine	0
20644	Data cleaned by Emil and Christine	0
20758	Data cleaned by Emil and Christine	0
19283	Data cleaned by Emil and Christine	0
05169	Data cleaned by Emil and Christine	0
05060	Data cleaned by Emil and Christine	0
01354	Data cleaned by Emil and Christine	0
01274	Data cleaned by Emil and Christine	0
19316	Data cleaned by Emil and Christine	0
20795	Data cleaned by Emil and Christine	0
01478	Data cleaned by Emil and Christine	0
20510	Data cleaned by Emil and Christine	0
20025	Data cleaned by Emil and Christine	0
05173	Data cleaned by Emil and Christine	0
01685	Data cleaned by Emil and Christine	1
05089	Data cleaned by Emil and Christine	0
21091	Data cleaned by Emil and Christine	0
19455	Data cleaned by Emil and Christine	0
20547	Data cleaned by Emil and Christine	0
05281	Data cleaned by Emil and Christine	0
01653	Data cleaned by Emil and Christine	0
05009	Data cleaned by Emil and Christine	0
19492	Data cleaned by Emil and Christine	0
06049	Data cleaned by Emil and Christine	0
01366	Data cleaned by Emil and Christine	0
01500	Data cleaned by Emil and Christine	0
20437	Data cleaned by Emil and Christine	0
191078	Data cleaned by Emil and Christine	0
20337	Data cleaned by Emil and Christine	0
05234	Data cleaned by Emil and Christine	0
191095	Data cleaned by Emil and Christine	0
05288	Data cleaned by Emil and Christine	0
20216	Data cleaned by Emil and Christine	0
05203	Data cleaned by Emil and Christine	0
19300	Data cleaned by Emil and Christine	0
01505	Data cleaned by Emil and Christine	0
01557	Data cleaned by Emil and Christine	0
20813	Data cleaned by Emil and Christine	0
05076	Data cleaned by Emil and Christine	0
06051	Data cleaned by Emil and Christine	0
01409	Data cleaned by Emil and Christine	0
191085	Data cleaned by Emil and Christine	0
191006	Data cleaned by Emil and Christine	0
19476	Data cleaned by Emil and Christine	0
01427	Data cleaned by Emil and Christine	0
19489	Data cleaned by Emil and Christine	0
01270	Data cleaned by Emil and Christine	0
05001	Data cleaned by Emil and Christine	0
20414	Data cleaned by Emil and Christine	0
01323	Data cleaned by Emil and Christine	0
20356	Data cleaned by Emil and Christine	0
05158	Data cleaned by Emil and Christine	0
01260	Data cleaned by Emil and Christine	0
20311	Data cleaned by Emil and Christine	0
05134	Data cleaned by Emil and Christine	0
06179	Data cleaned by Emil and Christine	0
20367	Data cleaned by Emil and Christine	0
19490	Data cleaned by Emil and Christine	0
20501	Data cleaned by Emil and Christine	0
20037	Data cleaned by Emil and Christine	0
20664	Data cleaned by Emil and Christine	1
06055	Data cleaned by Emil and Christine	0
20772	Data cleaned by Emil and Christine	0
01430	Data cleaned by Emil and Christine	0
19795	Data cleaned by Emil and Christine	0
05179	Data cleaned by Emil and Christine	0
05047	Data cleaned by Emil and Christine	0
19387	Data cleaned by Emil and Christine	0
01248	Data cleaned by Emil and Christine	0
20115	Data cleaned by Emil and Christine	0
19321	Data cleaned by Emil and Christine	0
01279	Data cleaned by Emil and Christine	0
01379	Data cleaned by Emil and Christine	0
191117	Data cleaned by Emil and Christine	0
20003	Data cleaned by Emil and Christine	0
01352	Data cleaned by Emil and Christine	0
01576	Data cleaned by Emil and Christine	0
06033	Data cleaned by Emil and Christine	0
21154	Data cleaned by Emil and Christine	0
01315	Data cleaned by Emil and Christine	0
01329	Data cleaned by Emil and Christine	0
06063	Data cleaned by Emil and Christine	0
01347	Data cleaned by Emil and Christine	1
20305	Data cleaned by Emil and Christine	0
20032	Data cleaned by Emil and Christine	0
21057	Data cleaned by Emil and Christine	0
21024	Data cleaned by Emil and Christine	0
05206	Data cleaned by Emil and Christine	0
21135	Data cleaned by Emil and Christine	0
19041	Data cleaned by Emil and Christine	0
20633	Data cleaned by Emil and Christine	0
01271	Data cleaned by Emil and Christine	0
01356	Data cleaned by Emil and Christine	0
20349	Data cleaned by Emil and Christine	0
19467	Data cleaned by Emil and Christine	0
01421	Data cleaned by Emil and Christine	0
20457	Data cleaned by Emil and Christine	0
01287	Data cleaned by Emil and Christine	0
05282	Data cleaned by Emil and Christine	0
01546	Data cleaned by Emil and Christine	0
20399	Data cleaned by Emil and Christine	0
01278	Data cleaned by Emil and Christine	0
20211	Data cleaned by Emil and Christine	0
191082	Data cleaned by Emil and Christine	0
20001	Data cleaned by Emil and Christine	0
01348	Data cleaned by Emil and Christine	0
06128	Data cleaned by Emil and Christine	0
01644	Data cleaned by Emil and Christine	0
24019	Data cleaned by Emil and Christine	0
01257	Data cleaned by Emil and Christine	0
01321	Data cleaned by Emil and Christine	0
20748	Data cleaned by Emil and Christine	0
21180	Data cleaned by Emil and Christine	0
05208	Data cleaned by Emil and Christine	0
01602	Data cleaned by Emil and Christine	0
06042	Data cleaned by Emil and Christine	0
191073	Data cleaned by Emil and Christine	0
19457	Data cleaned by Emil and Christine	0
01687	Data cleaned by Emil and Christine	1
01314	Data cleaned by Emil and Christine	0
01319	Data cleaned by Emil and Christine	0
06176	Data cleaned by Emil and Christine	0
06153	Data cleaned by Emil and Christine	0
20631	Data cleaned by Emil and Christine	0
20474	Data cleaned by Emil and Christine	0
01528	Data cleaned by Emil and Christine	0
06170	Data cleaned by Emil and Christine	0
20743	Data cleaned by Emil and Christine	0
20129	Data cleaned by Emil and Christine	0
19313	Data cleaned by Emil and Christine	0
01503	Data cleaned by Emil and Christine	0
20857	Data cleaned by Emil and Christine	0
21073	Data cleaned by Emil and Christine	0
20738	Data cleaned by Emil and Christine	0
01480	Data cleaned by Emil and Christine	0
06167	Data cleaned by Emil and Christine	0
20033	Data cleaned by Emil and Christine	0
20131	Data cleaned by Emil and Christine	0
01388	Data cleaned by Emil and Christine	0
01342	Data cleaned by Emil and Christine	0
05144	Data cleaned by Emil and Christine	0
20368	Data cleaned by Emil and Christine	0
05148	Data cleaned by Emil and Christine	0
01254	Data cleaned by Emil and Christine	0
01651	Data cleaned by Emil and Christine	0
01367	Data cleaned by Emil and Christine	1
01338	Data cleaned by Emil and Christine	0
20405	Data cleaned by Emil and Christine	0
01652	Data cleaned by Emil and Christine	0
01471	Data cleaned by Emil and Christine	0
01618	Data cleaned by Emil and Christine	0
01593	Data cleaned by Emil and Christine	0
01639	Data cleaned by Emil and Christine	0
05104	Data cleaned by Emil and Christine	0
01479	Data cleaned by Emil and Christine	0
01585	Data cleaned by Emil and Christine	0
01437	Data cleaned by Emil and Christine	0
19789	Data cleaned by Emil and Christine	0
21040	Data cleaned by Emil and Christine	0
06032	Data cleaned by Emil and Christine	0
20028	Data cleaned by Emil and Christine	0
21095	Data cleaned by Emil and Christine	0
01327	Data cleaned by Emil and Christine	0
20684	Data cleaned by Emil and Christine	0
01317	Data cleaned by Emil and Christine	0
21178	Data cleaned by Emil and Christine	0
06131	Data cleaned by Emil and Christine	0
01629	Data cleaned by Emil and Christine	0
20465	Data cleaned by Emil and Christine	0
191063	Data cleaned by Emil and Christine	0
20829	Data cleaned by Emil and Christine	0
20445	Data cleaned by Emil and Christine	0
19562	Data cleaned by Emil and Christine	0
19029	Data cleaned by Emil and Christine	0
19322	Data cleaned by Emil and Christine	0
01372	Data cleaned by Emil and Christine	0
20704	Data cleaned by Emil and Christine	0
19006	Data cleaned by Emil and Christine	0
21077	Data cleaned by Emil and Christine	0
20700	Data cleaned by Emil and Christine	0
01499	Data cleaned by Emil and Christine	0
01638	Data cleaned by Emil and Christine	0
05198	Data cleaned by Emil and Christine	0
20326	Data cleaned by Emil and Christine	0
20483	Data cleaned by Emil and Christine	0
01592	Data cleaned by Emil and Christine	0
191066	Data cleaned by Emil and Christine	0
01420	Data cleaned by Emil and Christine	0
20180	Data cleaned by Emil and Christine	0
01485	Data cleaned by Emil and Christine	0
05171	Data cleaned by Emil and Christine	0
06177	Data cleaned by Emil and Christine	0
05188	Data cleaned by Emil and Christine	0
21142	Data cleaned by Emil and Christine	0
01595	Data cleaned by Emil and Christine	0
19301	Data cleaned by Emil and Christine	0
01336	Data cleaned by Emil and Christine	0
08011	Data cleaned by Emil and Christine	1
19157	Data cleaned by Emil and Christine	1
11036	Data cleaned by Emil and Christine	0
20008	Data cleaned by Emil and Christine	0
01683	Data cleaned by Emil and Christine	1
191012	Data cleaned by Emil and Christine	0
19039	Data cleaned by Emil and Christine	0
01239	Data cleaned by Emil and Christine	0
01247	Data cleaned by Emil and Christine	0
16003	Data cleaned by Emil and Christine	0
20016	Data cleaned by Emil and Christine	0
05276	Data cleaned by Emil and Christine	0
01483	Data cleaned by Emil and Christine	0
191308	Data cleaned by Emil and Christine	0
01529	Data cleaned by Emil and Christine	0
01622	Data cleaned by Emil and Christine	0
21074	Data cleaned by Emil and Christine	0
20203	Data cleaned by Emil and Christine	0
01647	Data cleaned by Emil and Christine	0
20722	Data cleaned by Emil and Christine	0
01512	Data cleaned by Emil and Christine	0
20402	Data cleaned by Emil and Christine	0
01262	Data cleaned by Emil and Christine	0
05157	Data cleaned by Emil and Christine	0
20614	Data cleaned by Emil and Christine	0
191109	Data cleaned by Emil and Christine	0
21155	Data cleaned by Emil and Christine	0
06090	Data cleaned by Emil and Christine	0
191013	Data cleaned by Emil and Christine	0
01531	Data cleaned by Emil and Christine	0
01565	Data cleaned by Emil and Christine	0
20040	Data cleaned by Emil and Christine	0
01272	Data cleaned by Emil and Christine	0
05115	Data cleaned by Emil and Christine	0
01645	Data cleaned by Emil and Christine	0
06021	Data cleaned by Emil and Christine	0
01635	Data cleaned by Emil and Christine	0
191144	Data cleaned by Emil and Christine	0
01601	Data cleaned by Emil and Christine	0
20056	Data cleaned by Emil and Christine	0
20340	Data cleaned by Emil and Christine	0
01318	Data cleaned by Emil and Christine	0
01341	Data cleaned by Emil and Christine	0
01667	Data cleaned by Emil and Christine	0
191083	Data cleaned by Emil and Christine	0
01358	Data cleaned by Emil and Christine	0
01623	Data cleaned by Emil and Christine	0
20680	Data cleaned by Emil and Christine	0
06084	Data cleaned by Emil and Christine	0
01591	Data cleaned by Emil and Christine	0
05218	Data cleaned by Emil and Christine	0
20010	Data cleaned by Emil and Christine	0
01476	Data cleaned by Emil and Christine	0
05065	Data cleaned by Emil and Christine	1
19711	Data cleaned by Emil and Christine	0
05193	Data cleaned by Emil and Christine	0
01357	Data cleaned by Emil and Christine	0
01558	Data cleaned by Emil and Christine	0
20393	Data cleaned by Emil and Christine	0
06147	Data cleaned by Emil and Christine	1
19430	Data cleaned by Emil and Christine	0
19450	Data cleaned by Emil and Christine	0
19305	Data cleaned by Emil and Christine	0
01535	Data cleaned by Emil and Christine	0
01495	Data cleaned by Emil and Christine	0
06137	Data cleaned by Emil and Christine	0
01632	Data cleaned by Emil and Christine	0
19731	Data cleaned by Emil and Christine	0
20643	Data cleaned by Emil and Christine	0
01467	Data cleaned by Emil and Christine	0
19407	Data cleaned by Emil and Christine	0
01481	Data cleaned by Emil and Christine	0
05130	Data cleaned by Emil and Christine	0
06130	Data cleaned by Emil and Christine	0
05243	Data cleaned by Emil and Christine	0
01506	Data cleaned by Emil and Christine	0
19796	Data cleaned by Emil and Christine	0
01375	Data cleaned by Emil and Christine	0
01360	Data cleaned by Emil and Christine	0
20122	Data cleaned by Emil and Christine	0
01255	Data cleaned by Emil and Christine	0
191014	Data cleaned by Emil and Christine	0
01470	Data cleaned by Emil and Christine	0
05283	Data cleaned by Emil and Christine	0
06040	Data cleaned by Emil and Christine	0
01631	Data cleaned by Emil and Christine	0
19311	Data cleaned by Emil and Christine	0
06061	Data cleaned by Emil and Christine	0
20503	Data cleaned by Emil and Christine	0
01320	Data cleaned by Emil and Christine	0
19466	Data cleaned by Emil and Christine	0
05235	Data cleaned by Emil and Christine	1
19788	Data cleaned by Emil and Christine	0
01344	Data cleaned by Emil and Christine	0
01524	Data cleaned by Emil and Christine	0
06100	Data cleaned by Emil and Christine	0
19415	Data cleaned by Emil and Christine	0
05257	Data cleaned by Emil and Christine	0
01331	Data cleaned by Emil and Christine	0
01334	Data cleaned by Emil and Christine	0
191077	Data cleaned by Emil and Christine	0
01249	Data cleaned by Emil and Christine	0
01477	Data cleaned by Emil and Christine	0
01281	Data cleaned by Emil and Christine	0
20845	Data cleaned by Emil and Christine	1
01468	Data cleaned by Emil and Christine	0
06172	Data cleaned by Emil and Christine	0
20575	Data cleaned by Emil and Christine	0
01490	Data cleaned by Emil and Christine	0
01626	Data cleaned by Emil and Christine	0
05273	Data cleaned by Emil and Christine	0
01608	Data cleaned by Emil and Christine	0
20013	Data cleaned by Emil and Christine	0
20378	Data cleaned by Emil and Christine	0
01374	Data cleaned by Emil and Christine	0
01611	Data cleaned by Emil and Christine	0
01619	Data cleaned by Emil and Christine	0
01340	Data cleaned by Emil and Christine	0
20190	Data cleaned by Emil and Christine	1
20059	Data cleaned by Emil and Christine	0
20669	Data cleaned by Emil and Christine	1
01675	Data cleaned by Emil and Christine	0
20477	Data cleaned by Emil and Christine	0
11050	Data cleaned by Emil and Christine	0
20527	Data cleaned by Emil and Christine	0
01361	Data cleaned by Emil and Christine	0
19033	Data cleaned by Emil and Christine	0
01482	Data cleaned by Emil and Christine	0
05226	Data cleaned by Emil and Christine	0
19794	Data cleaned by Emil and Christine	0
21156	Data cleaned by Emil and Christine	0
20004	Data cleaned by Emil and Christine	0
20750	Data cleaned by Emil and Christine	0
05207	Data cleaned by Emil and Christine	0
01525	Data cleaned by Emil and Christine	0
20641	Data cleaned by Emil and Christine	0
05256	Data cleaned by Emil and Christine	0
20184	Data cleaned by Emil and Christine	0
21086	Data cleaned by Emil and Christine	0
06047	Data cleaned by Emil and Christine	0
20729	Data cleaned by Emil and Christine	0
20353	Data cleaned by Emil and Christine	0
05080	Data cleaned by Emil and Christine	0
06173	Data cleaned by Emil and Christine	0
20652	Data cleaned by Emil and Christine	0
01339	Data cleaned by Emil and Christine	0
20182	Data cleaned by Emil and Christine	0
20308	Data cleaned by Emil and Christine	0
06178	Data cleaned by Emil and Christine	0
01625	Data cleaned by Emil and Christine	0
01251	Data cleaned by Emil and Christine	0
20811	Data cleaned by Emil and Christine	0
191079	Data cleaned by Emil and Christine	0
06035	Data cleaned by Emil and Christine	0
19483	Data cleaned by Emil and Christine	0
191092	Data cleaned by Emil and Christine	0
01616	Data cleaned by Emil and Christine	0
01649	Data cleaned by Emil and Christine	0
20866	Data cleaned by Emil and Christine	0
19459	Data cleaned by Emil and Christine	0
01428	Data cleaned by Emil and Christine	0
20237	Data cleaned by Emil and Christine	0
20153	Data cleaned by Emil and Christine	0
20295	Data cleaned by Emil and Christine	0
20074	Data cleaned by Emil and Christine	0
21158	Data cleaned by Emil and Christine	0
06166	Data cleaned by Emil and Christine	0
05224	Data cleaned by Emil and Christine	0
20740	Data cleaned by Emil and Christine	0
21102	Data cleaned by Emil and Christine	0
05083	Data cleaned by Emil and Christine	0
20323	Data cleaned by Emil and Christine	0
05152	Data cleaned by Emil and Christine	0
191270	Data cleaned by Emil and Christine	0
05092	Data cleaned by Emil and Christine	0
05004	Data cleaned by Emil and Christine	0
20439	Data cleaned by Emil and Christine	0
21167	Data cleaned by Emil and Christine	0
20539	Data cleaned by Emil and Christine	0
21186	Data cleaned by Emil and Christine	0
21147	Data cleaned by Emil and Christine	0
01460	Data cleaned by Emil and Christine	0
20185	Data cleaned by Emil and Christine	1
21188	Data cleaned by Emil and Christine	0
20198	Data cleaned by Emil and Christine	0
19097	Data cleaned by Emil and Christine	0
21109	Data cleaned by Emil and Christine	0
20719	Data cleaned by Emil and Christine	0
01286	Data cleaned by Emil and Christine	0
21025	Data cleaned by Emil and Christine	0
21090	Data cleaned by Emil and Christine	0
19110	Data cleaned by Emil and Christine	0
11032	Data cleaned by Emil and Christine	0
21117	Data cleaned by Emil and Christine	0
06121	Data cleaned by Emil and Christine	1
20850	Data cleaned by Emil and Christine	1
20715	Data cleaned by Emil and Christine	0
20449	Data cleaned by Emil and Christine	0
19024	Data cleaned by Emil and Christine	0
01689	Data cleaned by Emil and Christine	1
20765	Data cleaned by Emil and Christine	0
20807	Data cleaned by Emil and Christine	0
20755	Data cleaned by Emil and Christine	0
21089	Data cleaned by Emil and Christine	0
01240	Data cleaned by Emil and Christine	0
01231	Data cleaned by Emil and Christine	0
20440	Data cleaned by Emil and Christine	0
21097	Data cleaned by Emil and Christine	0
21085	Data cleaned by Emil and Christine	0
24043	Data cleaned by Emil and Christine	0
20062	Data cleaned by Emil and Christine	0
20793	Data cleaned by Emil and Christine	0
21104	Data cleaned by Emil and Christine	0
20233	Data cleaned by Emil and Christine	0
06143	Data cleaned by Emil and Christine	1
21160	Data cleaned by Emil and Christine	0
24020	Data cleaned by Emil and Christine	0
24021	Data cleaned by Emil and Christine	0
24042	Data cleaned by Emil and Christine	0
20868	Data cleaned by Emil and Christine	0
20874	Data cleaned by Emil and Christine	0
01589	Data cleaned by Emil and Christine	0
20835	Data cleaned by Emil and Christine	0
20486	Data cleaned by Emil and Christine	0
06181	Data cleaned by Emil and Christine	0
20063	Data cleaned by Emil and Christine	0
01562	Data cleaned by Emil and Christine	0
20499	Data cleaned by Emil and Christine	0
01567	Data cleaned by Emil and Christine	0
01289	Data cleaned by Emil and Christine	0
20426	Data cleaned by Emil and Christine	0
20612	Data cleaned by Emil and Christine	0
06141	Data cleaned by Emil and Christine	1
11025	Data cleaned by Emil and Christine	0
06058	Data cleaned by Emil and Christine	0
21116	Data cleaned by Emil and Christine	0
01588	Data cleaned by Emil and Christine	0
20749	Data cleaned by Emil and Christine	0
21070	Data cleaned by Emil and Christine	0
21170	Data cleaned by Emil and Christine	0
21043	Data cleaned by Emil and Christine	0
20065	Data cleaned by Emil and Christine	0
20097	Data cleaned by Emil and Christine	0
191032	Data cleaned by Emil and Christine	0
16006	Data cleaned by Emil and Christine	1
01292	Data cleaned by Emil and Christine	1
20460	Data cleaned by Emil and Christine	0
20301	Data cleaned by Emil and Christine	0
21112	Data cleaned by Emil and Christine	0
21053	Data cleaned by Emil and Christine	0
20783	Data cleaned by Emil and Christine	1
21027	Data cleaned by Emil and Christine	0
24040	Data cleaned by Emil and Christine	0
21159	Data cleaned by Emil and Christine	0
20188	Data cleaned by Emil and Christine	1
21124	Data cleaned by Emil and Christine	0
21179	Data cleaned by Emil and Christine	0
01556	Data cleaned by Emil and Christine	0
01583	Data cleaned by Emil and Christine	0
06095	Data cleaned by Emil and Christine	0
06096	Data cleaned by Emil and Christine	0
20468	Data cleaned by Emil and Christine	0
21002	Data cleaned by Emil and Christine	0
21119	Data cleaned by Emil and Christine	0
01548	Data cleaned by Emil and Christine	0
20861	Data cleaned by Emil and Christine	0
24018	Data cleaned by Emil and Christine	0
21022	Data cleaned by Emil and Christine	0
01466	Data cleaned by Emil and Christine	0
21052	Data cleaned by Emil and Christine	0
21059	Data cleaned by Emil and Christine	0
21128	Data cleaned by Emil and Christine	0
01464	Data cleaned by Emil and Christine	0
01474	Data cleaned by Emil and Christine	0
20297	Data cleaned by Emil and Christine	0
20820	Data cleaned by Emil and Christine	0
21099	Data cleaned by Emil and Christine	0
20814	Data cleaned by Emil and Christine	0
06151	Data cleaned by Emil and Christine	1
06116	Data cleaned by Emil and Christine	1
21131	Data cleaned by Emil and Christine	0
20773	Data cleaned by Emil and Christine	1
01290	Data cleaned by Emil and Christine	0
20786	Data cleaned by Emil and Christine	1
21037	Data cleaned by Emil and Christine	0
21148	Data cleaned by Emil and Christine	0
21078	Data cleaned by Emil and Christine	0
20565	Data cleaned by Emil and Christine	0
07044	Data cleaned by Emil and Christine	0
06120	Data cleaned by Emil and Christine	1
20665	Data cleaned by Emil and Christine	1
24026	Data cleaned by Emil and Christine	0
20039	Data cleaned by Emil and Christine	0
01577	Data cleaned by Emil and Christine	0
06048	Data cleaned by Emil and Christine	0
21071	Data cleaned by Emil and Christine	0
20769	Data cleaned by Emil and Christine	0
01288	Data cleaned by Emil and Christine	0
20744	Data cleaned by Emil and Christine	0
09117	Data cleaned by Emil and Christine	0
06188	Data cleaned by Emil and Christine	0
20549	Data cleaned by Emil and Christine	0
21133	Data cleaned by Emil and Christine	0
19456	Data cleaned by Emil and Christine	0
11006	Data cleaned by Emil and Christine	0
06093	Data cleaned by Emil and Christine	0
19992	Data cleaned by Emil and Christine	0
19759	Data cleaned by Emil and Christine	0
19053	Data cleaned by Emil and Christine	0
07023	Data cleaned by Emil and Christine	0
11001	Data cleaned by Emil and Christine	0
11020	Data cleaned by Emil and Christine	0
21145	Data cleaned by Emil and Christine	0
21143	Data cleaned by Emil and Christine	0
01244	Data cleaned by Emil and Christine	0
01236	Data cleaned by Emil and Christine	0
21106	Data cleaned by Emil and Christine	0
21118	Data cleaned by Emil and Christine	0
07032	Data cleaned by Emil and Christine	0
01237	Data cleaned by Emil and Christine	0
01245	Data cleaned by Emil and Christine	0
24023	Data cleaned by Emil and Christine	0
20453	Data cleaned by Emil and Christine	0
20201	Data cleaned by Emil and Christine	0
11024	Data cleaned by Emil and Christine	0
11005	Data cleaned by Emil and Christine	0
01233	Data cleaned by Emil and Christine	0
11027	Data cleaned by Emil and Christine	0
11009	Data cleaned by Emil and Christine	0
01581	Data cleaned by Emil and Christine	0
20204	Data cleaned by Emil and Christine	0
21072	Data cleaned by Emil and Christine	0
24036	Data cleaned by Emil and Christine	0
01242	Data cleaned by Emil and Christine	0
11000	Data cleaned by Emil and Christine	0
20434	Data cleaned by Emil and Christine	0
21017	Data cleaned by Emil and Christine	0
21041	Data cleaned by Emil and Christine	0
19103	Data cleaned by Emil and Christine	0
20061	Data cleaned by Emil and Christine	0
11016	Data cleaned by Emil and Christine	0
06117	Data cleaned by Emil and Christine	1
06152	Data cleaned by Emil and Christine	1
20058	Data cleaned by Emil and Christine	0
20313	Data cleaned by Emil and Christine	0
01473	Data cleaned by Emil and Christine	0
24010	Data cleaned by Emil and Christine	0
06127	Data cleaned by Emil and Christine	0
20327	Data cleaned by Emil and Christine	0
06126	Data cleaned by Emil and Christine	0
24006	Data cleaned by Emil and Christine	0
07070	Data cleaned by Emil and Christine	1
20320	Data cleaned by Emil and Christine	0
24038	Data cleaned by Emil and Christine	0
24005	Data cleaned by Emil and Christine	0
12012	Data cleaned by Emil and Christine	0
20287	Data cleaned by Emil and Christine	0
24034	Data cleaned by Emil and Christine	0
20653	Data cleaned by Emil and Christine	1
20285	Data cleaned by Emil and Christine	0
07105	Data cleaned by Emil and Christine	0
24035	Data cleaned by Emil and Christine	0
20309	Data cleaned by Emil and Christine	0
20324	Data cleaned by Emil and Christine	0
01436	Data cleaned by Emil and Christine	0
01431	Data cleaned by Emil and Christine	0
20100	Data cleaned by Emil and Christine	0
20780	Data cleaned by Emil and Christine	1
07110	Data cleaned by Emil and Christine	0
12000	Data cleaned by Emil and Christine	0
24008	Data cleaned by Emil and Christine	0
20289	Data cleaned by Emil and Christine	0
06125	Data cleaned by Emil and Christine	0
21009	Data cleaned by Emil and Christine	0
01235	Data cleaned by Emil and Christine	0
01243	Data cleaned by Emil and Christine	0
24007	Data cleaned by Emil and Christine	0
01234	Data cleaned by Emil and Christine	0
01694	Data cleaned by Emil and Christine	0
06019	Data cleaned by Emil and Christine	0
06018	Data cleaned by Emil and Christine	0
20418	Data cleaned by Emil and Christine	0
21075	Data cleaned by Emil and Christine	0
191111	Data cleaned by Emil and Christine	0
19470	Data cleaned by Emil and Christine	0
19453	Data cleaned by Emil and Christine	0
20424	Data cleaned by Emil and Christine	0
20690	Data cleaned by Emil and Christine	0
20109	Data cleaned by Emil and Christine	0
05220	Data cleaned by Emil and Christine	0
19494	Data cleaned by Emil and Christine	0
05074	Data cleaned by Emil and Christine	0
05239	Data cleaned by Emil and Christine	0
06139	Data cleaned by Emil and Christine	0
05131	Data cleaned by Emil and Christine	0
06020	Data cleaned by Emil and Christine	0
06013	Data cleaned by Emil and Christine	0
191185	Data cleaned by Emil and Christine	0
06004	Data cleaned by Emil and Christine	0
20302	Data cleaned by Emil and Christine	0
20492	Data cleaned by Emil and Christine	0
05027	Data cleaned by Emil and Christine	0
24014	Data cleaned by Emil and Christine	0
06026	Data cleaned by Emil and Christine	0
06010	Data cleaned by Emil and Christine	0
19222	Data cleaned by Emil and Christine	0
21054	Data cleaned by Emil and Christine	0
20026	Data cleaned by Emil and Christine	0
20107	Data cleaned by Emil and Christine	0
191110	Data cleaned by Emil and Christine	0
11022	Data cleaned by Emil and Christine	0
20487	Data cleaned by Emil and Christine	0
19224	Data cleaned by Emil and Christine	0
191113	Data cleaned by Emil and Christine	0
191089	Data cleaned by Emil and Christine	0
06022	Data cleaned by Emil and Christine	0
05094	Data cleaned by Emil and Christine	0
05024	Data cleaned by Emil and Christine	0
19227	Data cleaned by Emil and Christine	0
191182	Data cleaned by Emil and Christine	0
20191	Data cleaned by Emil and Christine	0
19432	Data cleaned by Emil and Christine	0
06017	Data cleaned by Emil and Christine	0
06087	Data cleaned by Emil and Christine	0
20782	Data cleaned by Emil and Christine	0
11029	Data cleaned by Emil and Christine	0
05107	Data cleaned by Emil and Christine	0
01232	Data cleaned by Emil and Christine	0
1241 Duplicate?	Data cleaned by Emil and Christine	0
24013	Data cleaned by Emil and Christine	0
21120	Data cleaned by Emil and Christine	0
19228	Data cleaned by Emil and Christine	0
24024	Data cleaned by Emil and Christine	0
20192	Data cleaned by Emil and Christine	0
191116	Data cleaned by Emil and Christine	0
191107	Data cleaned by Emil and Christine	0
19451	Data cleaned by Emil and Christine	0
191183	Data cleaned by Emil and Christine	0
11034	Data cleaned by Emil and Christine	0
05096	Data cleaned by Emil and Christine	0
05048	Data cleaned by Emil and Christine	0
06015	Data cleaned by Emil and Christine	0
20113	Data cleaned by Emil and Christine	0
06007	Data cleaned by Emil and Christine	0
05087	Data cleaned by Emil and Christine	0
11037	Data cleaned by Emil and Christine	0
19226	Data cleaned by Emil and Christine	0
11038	Data cleaned by Emil and Christine	0
19526	Data cleaned by Emil and Christine	0
05140	Data cleaned by Emil and Christine	0
20490	Data cleaned by Emil and Christine	0
05159	Data cleaned by Emil and Christine	0
06068	Data cleaned by Emil and Christine	0
20422	Data cleaned by Emil and Christine	0
20078	Data cleaned by Emil and Christine	0
05251	Data cleaned by Emil and Christine	0
06003	Data cleaned by Emil and Christine	0
19448	Data cleaned by Emil and Christine	0
01238	Data cleaned by Emil and Christine	0
01246	Data cleaned by Emil and Christine	0
191184	Data cleaned by Emil and Christine	0
20554	Data cleaned by Emil and Christine	0
21020	Data cleaned by Emil and Christine	0
06005	Data cleaned by Emil and Christine	0
11014	Data cleaned by Emil and Christine	0
20170	Data cleaned by Emil and Christine	0
21036	Data cleaned by Emil and Christine	0
06016	Data cleaned by Emil and Christine	0
20775	Data cleaned by Emil and Christine	1
11047	Data cleaned by Emil and Christine	0
06039	Data cleaned by Emil and Christine	0
11049	Data cleaned by Emil and Christine	0
07118	Data cleaned by Emil and Christine	0
05155	Data cleaned by Emil and Christine	0
06014	Data cleaned by Emil and Christine	0
21008	Data cleaned by Emil and Christine	0
05204	Data cleaned by Emil and Christine	0
20341	Data cleaned by Emil and Christine	0
21010	Data cleaned by Emil and Christine	0
01679	Data cleaned by Emil and Christine	1
05181	Data cleaned by Emil and Christine	0
06043	Data cleaned by Emil and Christine	0
191115	Data cleaned by Emil and Christine	0
06027	Data cleaned by Emil and Christine	0
20195	Data cleaned by Emil and Christine	0
191072	Data cleaned by Emil and Christine	0
06008	Data cleaned by Emil and Christine	0
11018	Data cleaned by Emil and Christine	0
20800	Data cleaned by Emil and Christine	0
11042	Data cleaned by Emil and Christine	0
06024	Data cleaned by Emil and Christine	0
21136	Data cleaned by Emil and Christine	0
06012	Data cleaned by Emil and Christine	0
05196	Data cleaned by Emil and Christine	0
11002	Data cleaned by Emil and Christine	0
11021	Data cleaned by Emil and Christine	0
06028	Data cleaned by Emil and Christine	0
01269	Data cleaned by Emil and Christine	0
11003	Data cleaned by Emil and Christine	0
06037	Data cleaned by Emil and Christine	0
11004	Data cleaned by Emil and Christine	0
05106	Data cleaned by Emil and Christine	0
06006	Data cleaned by Emil and Christine	0
11026	Data cleaned by Emil and Christine	0
05153	Data cleaned by Emil and Christine	0
20053	Data cleaned by Emil and Christine	0
05101	Data cleaned by Emil and Christine	0
19495	Data cleaned by Emil and Christine	0
06011	Data cleaned by Emil and Christine	0
11007	Data cleaned by Emil and Christine	0
06038	Data cleaned by Emil and Christine	0
19221	Data cleaned by Emil and Christine	0
05041	Data cleaned by Emil and Christine	0
21062	Data cleaned by Emil and Christine	0
20046	Data cleaned by Emil and Christine	0
06034	Data cleaned by Emil and Christine	0
20713	Data cleaned by Emil and Christine	0
11030	Data cleaned by Emil and Christine	0
06001	Data cleaned by Emil and Christine	0
191176	Data cleaned by Emil and Christine	0
191180	Data cleaned by Emil and Christine	0
21055	Data cleaned by Emil and Christine	0
20293	Data cleaned by Emil and Christine	0
05078	Data cleaned by Emil and Christine	0
24011	Data cleaned by Emil and Christine	0
11031	Data cleaned by Emil and Christine	0
11011	Data cleaned by Emil and Christine	0
20436	Data cleaned by Emil and Christine	0
20430	Data cleaned by Emil and Christine	0
11033	Data cleaned by Emil and Christine	0
20350	Data cleaned by Emil and Christine	0
05289	Data cleaned by Emil and Christine	0
05264	Data cleaned by Emil and Christine	0
20022	Data cleaned by Emil and Christine	0
11012	Data cleaned by Emil and Christine	0
20296	Data cleaned by Emil and Christine	0
20290	Data cleaned by Emil and Christine	0
20444	Data cleaned by Emil and Christine	0
20789	Data cleaned by Emil and Christine	1
21046	Data cleaned by Emil and Christine	1
01508	Data cleaned by Emil and Christine	0
20534	Data cleaned by Emil and Christine	0
191076	Data cleaned by Emil and Christine	0
20148	Data cleaned by Emil and Christine	0
01534	Data cleaned by Emil and Christine	1
20836	Data cleaned by Emil and Christine	0
20215	Data cleaned by Emil and Christine	0
20219	Data cleaned by Emil and Christine	0
01402	Data cleaned by Emil and Christine	0
01614	Data cleaned by Emil and Christine	0
20230	Data cleaned by Emil and Christine	0
20421	Data cleaned by Emil and Christine	0
20197	Data cleaned by Emil and Christine	0
20387	Data cleaned by Emil and Christine	0
06046	Data cleaned by Emil and Christine	0
19469	Data cleaned by Emil and Christine	0
20317	Data cleaned by Emil and Christine	0
20380	Data cleaned by Emil and Christine	0
01621	Data cleaned by Emil and Christine	0
20759	Data cleaned by Emil and Christine	1
01501	Data cleaned by Emil and Christine	0
05064	Data cleaned by Emil and Christine	0
20126	Data cleaned by Emil and Christine	0
19610	Data cleaned by Emil and Christine	0
20042	Data cleaned by Emil and Christine	0
01656	Data cleaned by Emil and Christine	0
01291	Data cleaned by Emil and Christine	0
05184	Data cleaned by Emil and Christine	0
191088	Data cleaned by Emil and Christine	0
05068	Data cleaned by Emil and Christine	0
191108	Data cleaned by Emil and Christine	0
20417	Data cleaned by Emil and Christine	0
01461	Data cleaned by Emil and Christine	0
20478	Data cleaned by Emil and Christine	0
20833	Data cleaned by Emil and Christine	0
19615	Data cleaned by Emil and Christine	0
01359	Data cleaned by Emil and Christine	0
20848	Data cleaned by Emil and Christine	0
21173	Data cleaned by Emil and Christine	0
24027	Data cleaned by Emil and Christine	0
05018	Data cleaned by Emil and Christine	0
20463	Data cleaned by Emil and Christine	0
20199	Data cleaned by Emil and Christine	0
20352	Data cleaned by Emil and Christine	0
191080	Data cleaned by Emil and Christine	0
01401	Data cleaned by Emil and Christine	0
20702	Data cleaned by Emil and Christine	0
06052	Data cleaned by Emil and Christine	0
20344	Data cleaned by Emil and Christine	0
01676	Data cleaned by Emil and Christine	0
21150	Data cleaned by Emil and Christine	0
06129	Data cleaned by Emil and Christine	0
20613	Data cleaned by Emil and Christine	0
05030	Data cleaned by Emil and Christine	0
21038	Data cleaned by Emil and Christine	0
05110	Data cleaned by Emil and Christine	0
01404	Data cleaned by Emil and Christine	0
20054	Data cleaned by Emil and Christine	0
01487	Data cleaned by Emil and Christine	0
08000	Data cleaned by Emil and Christine	1
19506	Data cleaned by Emil and Christine	1
01422	Data cleaned by Emil and Christine	0
01630	Data cleaned by Emil and Christine	0
19308	Data cleaned by Emil and Christine	0
01624	Data cleaned by Emil and Christine	0
20871	Data cleaned by Emil and Christine	0
01389	Data cleaned by Emil and Christine	0
01491	Data cleaned by Emil and Christine	0
01539	Data cleaned by Emil and Christine	0
01603	Data cleaned by Emil and Christine	0
01533	Data cleaned by Emil and Christine	0
20099	Data cleaned by Emil and Christine	0
01590	Data cleaned by Emil and Christine	0
21151	Data cleaned by Emil and Christine	0
19785	Data cleaned by Emil and Christine	0
20842	Data cleaned by Emil and Christine	0
19005	Data cleaned by Emil and Christine	0
19797	Data cleaned by Emil and Christine	0
24039	Data cleaned by Emil and Christine	0
20207	Data cleaned by Emil and Christine	0
01518	Data cleaned by Emil and Christine	0
07052	Data cleaned by Emil and Christine	0
06062	Data cleaned by Emil and Christine	0
20761	Data cleaned by Emil and Christine	0
21153	Data cleaned by Emil and Christine	0
06168	Data cleaned by Emil and Christine	0
01544	Data cleaned by Emil and Christine	0
20764	Data cleaned by Emil and Christine	0
21093	Data cleaned by Emil and Christine	0
01522	Data cleaned by Emil and Christine	0
19764	Data cleaned by Emil and Christine	0
20599	Data cleaned by Emil and Christine	0
01369	Data cleaned by Emil and Christine	0
01634	Data cleaned by Emil and Christine	0
20073	Data cleaned by Emil and Christine	0
01486	Data cleaned by Emil and Christine	0
01377	Data cleaned by Emil and Christine	0
20771	Data cleaned by Emil and Christine	0
20564	Data cleaned by Emil and Christine	0
19558	Data cleaned by Emil and Christine	0
01523	Data cleaned by Emil and Christine	0
20730	Data cleaned by Emil and Christine	0
21063	Data cleaned by Emil and Christine	0
01380	Data cleaned by Emil and Christine	0
19485	Data cleaned by Emil and Christine	0
20124	Data cleaned by Emil and Christine	0
01264	Data cleaned by Emil and Christine	0
05051	Data cleaned by Emil and Christine	0
20851	Data cleaned by Emil and Christine	0
20513	Data cleaned by Emil and Christine	0
01610	Data cleaned by Emil and Christine	0
19042	Data cleaned by Emil and Christine	0
21100	Data cleaned by Emil and Christine	0
01373	Data cleaned by Emil and Christine	0
01573	Data cleaned by Emil and Christine	0
20630	Data cleaned by Emil and Christine	0
20104	Data cleaned by Emil and Christine	0
20431	Data cleaned by Emil and Christine	0
20094	Data cleaned by Emil and Christine	0
01569	Data cleaned by Emil and Christine	0
20635	Data cleaned by Emil and Christine	0
20108	Data cleaned by Emil and Christine	0
20770	Data cleaned by Emil and Christine	1
20464	Data cleaned by Emil and Christine	0
20762	Data cleaned by Emil and Christine	0
01411	Data cleaned by Emil and Christine	0
01258	Data cleaned by Emil and Christine	0
01681	Data cleaned by Emil and Christine	1
01497	Data cleaned by Emil and Christine	0
01642	Data cleaned by Emil and Christine	0
01412	Data cleaned by Emil and Christine	0
06060	Data cleaned by Emil and Christine	0
20810	Data cleaned by Emil and Christine	0
21146	Data cleaned by Emil and Christine	0
06189	Data cleaned by Emil and Christine	0
01597	Data cleaned by Emil and Christine	0
01398	Data cleaned by Emil and Christine	0
07112	Data cleaned by Emil and Christine	0
01517	Data cleaned by Emil and Christine	0
20732	Data cleaned by Emil and Christine	0
20482	Data cleaned by Emil and Christine	0
01673	Data cleaned by Emil and Christine	0
01600	Data cleaned by Emil and Christine	0
01596	Data cleaned by Emil and Christine	0
05195	Data cleaned by Emil and Christine	0
01578	Data cleaned by Emil and Christine	0
19414	Data cleaned by Emil and Christine	0
05127	Data cleaned by Emil and Christine	0
06155	Data cleaned by Emil and Christine	0
20823	Data cleaned by Emil and Christine	0
06089	Data cleaned by Emil and Christine	0
20720	Data cleaned by Emil and Christine	0
20116	Data cleaned by Emil and Christine	0
21149	Data cleaned by Emil and Christine	0
21163	Data cleaned by Emil and Christine	0
24015	Data cleaned by Emil and Christine	0
191034	Data cleaned by Emil and Christine	0
01574	Data cleaned by Emil and Christine	0
06142	Data cleaned by Emil and Christine	1
01488	Data cleaned by Emil and Christine	0
01657	Data cleaned by Emil and Christine	0
21134	Data cleaned by Emil and Christine	0
05098	Data cleaned by Emil and Christine	0
06140	Data cleaned by Emil and Christine	0
20696	Data cleaned by Emil and Christine	0
01509	Data cleaned by Emil and Christine	0
01472	Data cleaned by Emil and Christine	0
19740	Data cleaned by Emil and Christine	0
19739	Data cleaned by Emil and Christine	0
19018	Data cleaned by Emil and Christine	0
20799	Data cleaned by Emil and Christine	0
01552	Data cleaned by Emil and Christine	0
01579	Data cleaned by Emil and Christine	0
14035	Data cleaned by Emil and Christine	0
21144	Data cleaned by Emil and Christine	0
20119	Data cleaned by Emil and Christine	0
20583	Data cleaned by Emil and Christine	0
05053	Data cleaned by Emil and Christine	0
24041	Data cleaned by Emil and Christine	0
01406	Data cleaned by Emil and Christine	0
01502	Data cleaned by Emil and Christine	0
01617	Data cleaned by Emil and Christine	0
20672	Data cleaned by Emil and Christine	0
01648	Data cleaned by Emil and Christine	0
14037	Data cleaned by Emil and Christine	0
20189	Data cleaned by Emil and Christine	1
19433	Data cleaned by Emil and Christine	0
01564	Data cleaned by Emil and Christine	0
21172	Data cleaned by Emil and Christine	0
01549	Data cleaned by Emil and Christine	0
01677	Data cleaned by Emil and Christine	0
20363	Data cleaned by Emil and Christine	0
01494	Data cleaned by Emil and Christine	0
05147	Data cleaned by Emil and Christine	0
20803	Data cleaned by Emil and Christine	0
01563	Data cleaned by Emil and Christine	0
01580	Data cleaned by Emil and Christine	0
01587	Data cleaned by Emil and Christine	0
01572	Data cleaned by Emil and Christine	0
01666	Data cleaned by Emil and Christine	0
07036	Data cleaned by Emil and Christine	0
05303	Data cleaned by Emil and Christine	1
191061	Data cleaned by Emil and Christine	0
01393	Data cleaned by Emil and Christine	0
20123	Data cleaned by Emil and Christine	0
21125	Data cleaned by Emil and Christine	0
01492	Data cleaned by Emil and Christine	0
19480	Data cleaned by Emil and Christine	0
20015	Data cleaned by Emil and Christine	0
19841	Data cleaned by Emil and Christine	0
05227	Data cleaned by Emil and Christine	0
21162	Data cleaned by Emil and Christine	0
01413	Data cleaned by Emil and Christine	0
21080	Data cleaned by Emil and Christine	0
05103	Data cleaned by Emil and Christine	0
01252	Data cleaned by Emil and Christine	0
01326	Data cleaned by Emil and Christine	0
01407	Data cleaned by Emil and Christine	0
20125	Data cleaned by Emil and Christine	0
05304	Data cleaned by Emil and Christine	0
19458	Data cleaned by Emil and Christine	0
21161	Data cleaned by Emil and Christine	0
21152	Data cleaned by Emil and Christine	0
20616	Data cleaned by Emil and Christine	0
20678	Data cleaned by Emil and Christine	0
20127	Data cleaned by Emil and Christine	0
01414	Data cleaned by Emil and Christine	0
19013	Data cleaned by Emil and Christine	0
19616	Data cleaned by Emil and Christine	0
19016	Data cleaned by Emil and Christine	0
01658	Data cleaned by Emil and Christine	0
20130	Data cleaned by Emil and Christine	0
21023	Data cleaned by Emil and Christine	0
20784	Data cleaned by Emil and Christine	0
05126	Data cleaned by Emil and Christine	0
21101	Data cleaned by Emil and Christine	0
01693	Data cleaned by Emil and Christine	1
20168	Data cleaned by Emil and Christine	0
01498	Data cleaned by Emil and Christine	0
01559	Data cleaned by Emil and Christine	0
08002	Data cleaned by Emil and Christine	1
19505	Data cleaned by Emil and Christine	1
01463	Data cleaned by Emil and Christine	0
01678	Data cleaned by Emil and Christine	0
20372	Data cleaned by Emil and Christine	0
20355	Data cleaned by Emil and Christine	0
21076	Data cleaned by Emil and Christine	0
20679	Data cleaned by Emil and Christine	0
20152	Data cleaned by Emil and Christine	0
01416	Data cleaned by Emil and Christine	0
20869	Data cleaned by Emil and Christine	0
01510	Data cleaned by Emil and Christine	0
21092	Data cleaned by Emil and Christine	0
20663	Data cleaned by Emil and Christine	0
191100	Data cleaned by Emil and Christine	0
20187	Data cleaned by Emil and Christine	1
05145	Data cleaned by Emil and Christine	0
06146	Data cleaned by Emil and Christine	1
20777	Data cleaned by Emil and Christine	0
21019	Data cleaned by Emil and Christine	0
191015	Data cleaned by Emil and Christine	0
01263	Data cleaned by Emil and Christine	0
19379	Data cleaned by Emil and Christine	0
05128	Data cleaned by Emil and Christine	0
07067	Data cleaned by Emil and Christine	0
01568	Data cleaned by Emil and Christine	0
20798	Data cleaned by Emil and Christine	0
01465	Data cleaned by Emil and Christine	0
20398	Data cleaned by Emil and Christine	0
05100	Data cleaned by Emil and Christine	0
01586	Data cleaned by Emil and Christine	0
14040	Data cleaned by Emil and Christine	0
14039	Data cleaned by Emil and Christine	0
19491	Data cleaned by Emil and Christine	0
20837	Data cleaned by Emil and Christine	0
05241	Data cleaned by Emil and Christine	1
05189	Data cleaned by Emil and Christine	0
01395	Data cleaned by Emil and Christine	0
191010	Data cleaned by Emil and Christine	0
21045	Data cleaned by Emil and Christine	0
16013	Data cleaned by Emil and Christine	1
01496	Data cleaned by Emil and Christine	0
01543	Data cleaned by Emil and Christine	0
19040	Data cleaned by Emil and Christine	0
01668	Data cleaned by Emil and Christine	0
20469	Data cleaned by Emil and Christine	0
01665	Data cleaned by Emil and Christine	0
20292	Data cleaned by Emil and Christine	0
05037	Data cleaned by Emil and Christine	1
06091	Data cleaned by Emil and Christine	0
05028	Data cleaned by Emil and Christine	0
20873	Data cleaned by Emil and Christine	0
20411	Data cleaned by Emil and Christine	0
19605	Data cleaned by Emil and Christine	0
01426	Data cleaned by Emil and Christine	0
01469	Data cleaned by Emil and Christine	0
20370	Data cleaned by Emil and Christine	0
191008	Data cleaned by Emil and Christine	0
20543	Data cleaned by Emil and Christine	0
20708	Data cleaned by Emil and Christine	0
19473	Data cleaned by Emil and Christine	0
191103	Data cleaned by Emil and Christine	0
20331	Data cleaned by Emil and Christine	0
01504	Data cleaned by Emil and Christine	0
20698	Data cleaned by Emil and Christine	0
01285	Data cleaned by Emil and Christine	0
05201	Data cleaned by Emil and Christine	1
21021	Data cleaned by Emil and Christine	0
20528	Data cleaned by Emil and Christine	0
01484	Data cleaned by Emil and Christine	0
19521	Data cleaned by Emil and Christine	0
20319	Data cleaned by Emil and Christine	0
20172	Data cleaned by Emil and Christine	0
20294	Data cleaned by Emil and Christine	0
20036	Data cleaned by Emil and Christine	0
20345	Data cleaned by Emil and Christine	0
20299	Data cleaned by Emil and Christine	0
01669	Data cleaned by Emil and Christine	0
21060	Data cleaned by Emil and Christine	0
01686	Data cleaned by Emil and Christine	1
21115	Data cleaned by Emil and Christine	0
01612	Data cleaned by Emil and Christine	0
06171	Data cleaned by Emil and Christine	0
20132	Data cleaned by Emil and Christine	0
20242	Data cleaned by Emil and Christine	0
06154	Data cleaned by Emil and Christine	0
20776	Data cleaned by Emil and Christine	0
20581	Data cleaned by Emil and Christine	0
20136	Data cleaned by Emil and Christine	0
20154	Data cleaned by Emil and Christine	0
01650	Data cleaned by Emil and Christine	0
01419	Data cleaned by Emil and Christine	0
01661	Data cleaned by Emil and Christine	0
20102	Data cleaned by Emil and Christine	0
01547	Data cleaned by Emil and Christine	0
06094	Data cleaned by Emil and Christine	0
01396	Data cleaned by Emil and Christine	0
01493	Data cleaned by Emil and Christine	0
191090	Data cleaned by Emil and Christine	0
01582	Data cleaned by Emil and Christine	0
20209	Data cleaned by Emil and Christine	0
20689	Data cleaned by Emil and Christine	0
01415	Data cleaned by Emil and Christine	0
06150	Data cleaned by Emil and Christine	1
01293	Data cleaned by Emil and Christine	0
20031	Data cleaned by Emil and Christine	0
01660	Data cleaned by Emil and Christine	0
20727	Data cleaned by Emil and Christine	0
01688	Data cleaned by Emil and Christine	1
05209	Data cleaned by Emil and Christine	0
19617	Data cleaned by Emil and Christine	0
19388	Data cleaned by Emil and Christine	0
01261	Data cleaned by Emil and Christine	0
19036	Data cleaned by Emil and Christine	0
01256	Data cleaned by Emil and Christine	0
20358	Data cleaned by Emil and Christine	0
20432	Data cleaned by Emil and Christine	0
20754	Data cleaned by Emil and Christine	0
01530	Data cleaned by Emil and Christine	0
20017	Data cleaned by Emil and Christine	0
06123	Data cleaned by Emil and Christine	1
20721	Data cleaned by Emil and Christine	0
20359	Data cleaned by Emil and Christine	0
20571	Data cleaned by Emil and Christine	0
19614	Data cleaned by Emil and Christine	0
01640	Data cleaned by Emil and Christine	0
01405	Data cleaned by Emil and Christine	0
20865	Data cleaned by Emil and Christine	0
01253	Data cleaned by Emil and Christine	0
05197	Data cleaned by Emil and Christine	0
06211	Data cleaned by Emil and Christine	0
20660	Data cleaned by Emil and Christine	0
14042	Data cleaned by Emil and Christine	0
07075	Data cleaned by Emil and Christine	0
21126	Data cleaned by Emil and Christine	0
20752	Data cleaned by Emil and Christine	0
01637	Data cleaned by Emil and Christine	0
05178	Data cleaned by Emil and Christine	0
20724	Data cleaned by Emil and Christine	0
05118	Data cleaned by Emil and Christine	0
20035	Data cleaned by Emil and Christine	0
16015	Data cleaned by Emil and Christine	0
01674	Data cleaned by Emil and Christine	0
19793	Data cleaned by Emil and Christine	0
191067	Data cleaned by Emil and Christine	0
06122	Data cleaned by Emil and Christine	1
06149	Data cleaned by Emil and Christine	1
19609	Data cleaned by Emil and Christine	0
19019	Data cleaned by Emil and Christine	0
01489	Data cleaned by Emil and Christine	0
19998	Data cleaned by Emil and Christine	0
20794	Data cleaned by Emil and Christine	0
01371	Data cleaned by Emil and Christine	0
20328	Data cleaned by Emil and Christine	0
05167	Data cleaned by Emil and Christine	0
14041	Data cleaned by Emil and Christine	0
05069	Data cleaned by Emil and Christine	0
20731	Data cleaned by Emil and Christine	0
20044	Data cleaned by Emil and Christine	0
20133	Data cleaned by Emil and Christine	0
21157	Data cleaned by Emil and Christine	0
20558	Data cleaned by Emil and Christine	0
05271	Data cleaned by Emil and Christine	0
191093	Data cleaned by Emil and Christine	0
01691	Data cleaned by Emil and Christine	1
05247	Data cleaned by Emil and Christine	1
20240	Data cleaned by Emil and Christine	0
20628	Data cleaned by Emil and Christine	0
20550	Data cleaned by Emil and Christine	0
05190	Data cleaned by Emil and Christine	0
20382	Data cleaned by Emil and Christine	0
01403	Data cleaned by Emil and Christine	0
01514	Data cleaned by Emil and Christine	0
05044	Data cleaned by Emil and Christine	0
06175	Data cleaned by Emil and Christine	0
06124	Data cleaned by Emil and Christine	0
21121	Data cleaned by Emil and Christine	0
191005	Data cleaned by Emil and Christine	0
01521	Data cleaned by Emil and Christine	0
21123	Data cleaned by Emil and Christine	0
05214	Data cleaned by Emil and Christine	0
01526	Data cleaned by Emil and Christine	0
01584	Data cleaned by Emil and Christine	0
01670	Data cleaned by Emil and Christine	0
20860	Data cleaned by Emil and Christine	0
19015	Data cleaned by Emil and Christine	0
19191	Data cleaned by Emil and Christine	0
19827	Data cleaned by Emil and Christine	0
21187	Data cleaned by Emil and Christine	0
01566	Data cleaned by Emil and Christine	0
01692	Data cleaned by Emil and Christine	1
20456	Data cleaned by Emil and Christine	0
20476	Data cleaned by Emil and Christine	0
20656	Data cleaned by Emil and Christine	0
20438	Data cleaned by Emil and Christine	0
01392	Data cleaned by Emil and Christine	0
19014	Data cleaned by Emil and Christine	0
01516	Data cleaned by Emil and Christine	0
01418	Data cleaned by Emil and Christine	0
01554	Data cleaned by Emil and Christine	0
01663	Data cleaned by Emil and Christine	0
19382	Data cleaned by Emil and Christine	0
191007	Data cleaned by Emil and Christine	0
01671	Data cleaned by Emil and Christine	0
20826	Data cleaned by Emil and Christine	0
01532	Data cleaned by Emil and Christine	0
16007	Data cleaned by Emil and Christine	1
01690	Data cleaned by Emil and Christine	1
01659	Data cleaned by Emil and Christine	0
20621	Data cleaned by Emil and Christine	0
20425	Data cleaned by Emil and Christine	0
05279	Data cleaned by Emil and Christine	0
01541	Data cleaned by Emil and Christine	0
20657	Data cleaned by Emil and Christine	0
14034	Data cleaned by Emil and Christine	0
01296	Data cleaned by Emil and Christine	0
05216	Data cleaned by Emil and Christine	0
19463	Data cleaned by Emil and Christine	0
01294	Data cleaned by Emil and Christine	0
20057	Data cleaned by Emil and Christine	0
20213	Data cleaned by Emil and Christine	0
01643	Data cleaned by Emil and Christine	0
19292	Data cleaned by Emil and Christine	0
19293	Data cleaned by Emil and Christine	0
01365	Data cleaned by Emil and Christine	0
19285	Data cleaned by Emil and Christine	0
21079	Data cleaned by Emil and Christine	0
21194	Data cleaned by Emil and Christine	0
01410	Data cleaned by Emil and Christine	0
14036	Data cleaned by Emil and Christine	0
05075	Data cleaned by Emil and Christine	0
21042	Data cleaned by Emil and Christine	0
01536	Data cleaned by Emil and Christine	0
01511	Data cleaned by Emil and Christine	0
05221	Data cleaned by Emil and Christine	0
19613	Data cleaned by Emil and Christine	0
05156	Data cleaned by Emil and Christine	1
20144	Data cleaned by Emil and Christine	0
191098	Data cleaned by Emil and Christine	0
01672	Data cleaned by Emil and Christine	0
20542	Data cleaned by Emil and Christine	0
20546	Data cleaned by Emil and Christine	0
01408	Data cleaned by Emil and Christine	0
191075	Data cleaned by Emil and Christine	0
01519	Data cleaned by Emil and Christine	0
20847	Data cleaned by Emil and Christine	0
01575	Data cleaned by Emil and Christine	0
20735	Data cleaned by Emil and Christine	1
20064	Data cleaned by Emil and Christine	1
01417	Data cleaned by Emil and Christine	0
20150	Data cleaned by Emil and Christine	0
05285	Data cleaned by Emil and Christine	0
20523	Data cleaned by Emil and Christine	0
21181	Data cleaned by Emil and Christine	0
01376	Data cleaned by Emil and Christine	0
21140	Data cleaned by Emil and Christine	0
21130	Data cleaned by Emil and Christine	0
20791	Data cleaned by Emil and Christine	0
01538	Data cleaned by Emil and Christine	0
01594	Data cleaned by Emil and Christine	0
01553	Data cleaned by Emil and Christine	0
05275	Data cleaned by Emil and Christine	0
24022	Data cleaned by Emil and Christine	0
20841	Data cleaned by Emil and Christine	0
19606	Data cleaned by Emil and Christine	0
20638	Data cleaned by Emil and Christine	0
19611	Data cleaned by Emil and Christine	0
191271	Data cleaned by Emil and Christine	0
14038	Data cleaned by Emil and Christine	0
19790	Data cleaned by Emil and Christine	0
20151	Data cleaned by Emil and Christine	0
20315	Data cleaned by Emil and Christine	0
21141	Data cleaned by Emil and Christine	0
20332	Data cleaned by Emil and Christine	0
20443	Data cleaned by Emil and Christine	0
01654	Data cleaned by Emil and Christine	0
01397	Data cleaned by Emil and Christine	0
21039	Data cleaned by Emil and Christine	0
20712	Data cleaned by Emil and Christine	0
20167	Data cleaned by Emil and Christine	0
20479	Data cleaned by Emil and Christine	0
01628	Data cleaned by Emil and Christine	0
21028	Data cleaned by Emil and Christine	0
19977	Data cleaned by Emil and Christine	0
01555	Data cleaned by Emil and Christine	0
20093	Data cleaned by Emil and Christine	0
21166	Data cleaned by Emil and Christine	0
24017	Data cleaned by Emil and Christine	0
20508	Data cleaned by Emil and Christine	0
06144	Data cleaned by Emil and Christine	1
191068	Data cleaned by Emil and Christine	0
01391	Data cleaned by Emil and Christine	0
01537	Data cleaned by Emil and Christine	0
20778	Data cleaned by Emil and Christine	0
20802	Data cleaned by Emil and Christine	0
191001	Data cleaned by Emil and Christine	0
06045	Data cleaned by Emil and Christine	0
01684	Data cleaned by Emil and Christine	1
05162	Data cleaned by Emil and Christine	0
20023	Data cleaned by Emil and Christine	0
05019	Data cleaned by Emil and Christine	0
19044	Data cleaned by Emil and Christine	0
01250	Data cleaned by Emil and Christine	0
05238	Data cleaned by Emil and Christine	0
01283	Data cleaned by Emil and Christine	0
20186	Data cleaned by Emil and Christine	1
21171	Data cleaned by Emil and Christine	0
20797	Data cleaned by Emil and Christine	0
20038	Data cleaned by Emil and Christine	0
19988	Data cleaned by Emil and Christine	0
20279	Data cleaned by Emil and Christine	0
06156	Data cleaned by Emil and Christine	0
06009	Data cleaned by Emil and Christine	0
01386	Data cleaned by Emil and Christine	0
19267	Data cleaned by Emil and Christine	0
20304	Data cleaned by Emil and Christine	0
19478	Data cleaned by Emil and Christine	0
11052	Data cleaned by Emil and Christine	0
19481	Data cleaned by Emil and Christine	0
19474	Data cleaned by Emil and Christine	0
01276	Data cleaned by Emil and Christine	0
19288	Data cleaned by Emil and Christine	0
21003	Data cleaned by Emil and Christine	0
191084	Data cleaned by Emil and Christine	0
06044	Data cleaned by Emil and Christine	0
06183	Data cleaned by Emil and Christine	0
05287	Data cleaned by Emil and Christine	0
19315	Data cleaned by Emil and Christine	0
01400	Data cleaned by Emil and Christine	0
19011	Data cleaned by Emil and Christine	0
01383	Data cleaned by Emil and Christine	0
19441	Data cleaned by Emil and Christine	0
20181	Data cleaned by Emil and Christine	0
01394	Data cleaned by Emil and Christine	0
20002	Data cleaned by Emil and Christine	0
19663	Data cleaned by Emil and Christine	0
19273	Data cleaned by Emil and Christine	0
20166	Data cleaned by Emil and Christine	0
20018	Data cleaned by Emil and Christine	0
20863	Data cleaned by Emil and Christine	0
20646	Data cleaned by Emil and Christine	0
20118	Data cleaned by Emil and Christine	0
19017	Data cleaned by Emil and Christine	0
21001	Data cleaned by Emil and Christine	0
01387	Data cleaned by Emil and Christine	0
01655	Data cleaned by Emil and Christine	0
01382	Data cleaned by Emil and Christine	0
24037	Data cleaned by Emil and Christine	0
20741	Data cleaned by Emil and Christine	0
21026	Data cleaned by Emil and Christine	0
19482	Data cleaned by Emil and Christine	0
01620	Data cleaned by Emil and Christine	0
19447	Data cleaned by Emil and Christine	0
01615	Data cleaned by Emil and Christine	0
01385	Data cleaned by Emil and Christine	0
19307	Data cleaned by Emil and Christine	0
20488	Data cleaned by Emil and Christine	0
01561	Data cleaned by Emil and Christine	0
06050	Data cleaned by Emil and Christine	0
19488	Data cleaned by Emil and Christine	0
06029	Data cleaned by Emil and Christine	0
19444	Data cleaned by Emil and Christine	0
20303	Data cleaned by Emil and Christine	0
01598	Data cleaned by Emil and Christine	0
19487	Data cleaned by Emil and Christine	0
20596	Data cleaned by Emil and Christine	0
19454	Data cleaned by Emil and Christine	0
06057	Data cleaned by Emil and Christine	0
19436	Data cleaned by Emil and Christine	0
20538	Data cleaned by Emil and Christine	0
11045	Data cleaned by Emil and Christine	0
20401	Data cleaned by Emil and Christine	0
19595	Data cleaned by Emil and Christine	0
06132	Data cleaned by Emil and Christine	0
20466	Data cleaned by Emil and Christine	0
20300	Data cleaned by Emil and Christine	0
19620	Data cleaned by Emil and Christine	0
01390	Data cleaned by Emil and Christine	0
07027	Data cleaned by Emil and Christine	0
191074	Data cleaned by Emil and Christine	0
01551	Data cleaned by Emil and Christine	0
20085	Data cleaned by Emil and Christine	0
11040	Data cleaned by Emil and Christine	0
	Data cleaned by Emil and Christine	
	Data cleaned by Emil and Christine	
	Data cleaned by Emil and Christine	
	Data cleaned by Emil and Christine	
	Data cleaned by Emil and Christine	
	Data cleaned by Emil and Christine	
	Data cleaned by Emil and Christine	
	Data cleaned by Emil and Christine	
20431	Data cleaned by Emil and Christine	
	Combined filed from webscrabing and foundation contacts	
	Combined filed from webscrabing and foundation contacts	
	Combined filed from webscrabing and foundation contacts	
	Combined filed from webscrabing and foundation contacts	
	Combined filed from webscrabing and foundation contacts	
	Combined filed from webscrabing and foundation contacts	
	Combined filed from webscrabing and foundation contacts	
	Combined filed from webscrabing and foundation contacts	
	Combined filed from webscrabing and foundation contacts	
	Combined filed from webscrabing and foundation contacts	
	Combined filed from webscrabing and foundation contacts	
	Combined filed from webscrabing and foundation contacts	
	Combined filed from webscrabing and foundation contacts	
	Combined filed from webscrabing and foundation contacts	
	Combined filed from webscrabing and foundation contacts	
	Combined filed from webscrabing and foundation contacts	
	Combined filed from webscrabing and foundation contacts	
	Combined filed from webscrabing and foundation contacts	
	Combined filed from webscrabing and foundation contacts	
	Combined filed from webscrabing and foundation contacts	
	Combined filed from webscrabing and foundation contacts	
	Combined filed from webscrabing and foundation contacts	
	Combined filed from webscrabing and foundation contacts	
	Combined filed from webscrabing and foundation contacts	
	Combined filed from webscrabing and foundation contacts	
	Combined filed from webscrabing and foundation contacts	
	Combined filed from webscrabing and foundation contacts	
	Combined filed from webscrabing and foundation contacts	
	Combined filed from webscrabing and foundation contacts	
	Combined filed from webscrabing and foundation contacts	
	Combined filed from webscrabing and foundation contacts	
	Combined filed from webscrabing and foundation contacts	
	Combined filed from webscrabing and foundation contacts	
	Combined filed from webscrabing and foundation contacts	
	Combined filed from webscrabing and foundation contacts	
	Combined filed from webscrabing and foundation contacts	
	Combined filed from webscrabing and foundation contacts	
	Combined filed from webscrabing and foundation contacts	
	Combined filed from webscrabing and foundation contacts	
	Combined filed from webscrabing and foundation contacts	
	Combined filed from webscrabing and foundation contacts	
	Combined filed from webscrabing and foundation contacts	
	Combined filed from webscrabing and foundation contacts	
	Combined filed from webscrabing and foundation contacts	
	Combined filed from webscrabing and foundation contacts	
	Combined filed from webscrabing and foundation contacts	
	Combined filed from webscrabing and foundation contacts	
	Combined filed from webscrabing and foundation contacts	
	Combined filed from webscrabing and foundation contacts	
	Combined filed from webscrabing and foundation contacts	
	Combined filed from webscrabing and foundation contacts	
	Combined filed from webscrabing and foundation contacts	
	Combined filed from webscrabing and foundation contacts	
	Combined filed from webscrabing and foundation contacts	
	Combined filed from webscrabing and foundation contacts	
	Combined filed from webscrabing and foundation contacts	
	Combined filed from webscrabing and foundation contacts	
	Combined filed from webscrabing and foundation contacts	
	Combined filed from webscrabing and foundation contacts	
	Combined filed from webscrabing and foundation contacts	
	Combined filed from webscrabing and foundation contacts	
	Combined filed from webscrabing and foundation contacts	
	Combined filed from webscrabing and foundation contacts	
	Combined filed from webscrabing and foundation contacts	
	Combined filed from webscrabing and foundation contacts	
	Combined filed from webscrabing and foundation contacts	
	Combined filed from webscrabing and foundation contacts	
	Combined filed from webscrabing and foundation contacts	
	Combined filed from webscrabing and foundation contacts	
	Combined filed from webscrabing and foundation contacts	
	Combined filed from webscrabing and foundation contacts	
	Combined filed from webscrabing and foundation contacts	
	Combined filed from webscrabing and foundation contacts	
	Combined filed from webscrabing and foundation contacts	
	Combined filed from webscrabing and foundation contacts	
	Combined filed from webscrabing and foundation contacts	
	Combined filed from webscrabing and foundation contacts	
	Combined filed from webscrabing and foundation contacts	
	Combined filed from webscrabing and foundation contacts	
	Combined filed from webscrabing and foundation contacts	
	Combined filed from webscrabing and foundation contacts	
	Combined filed from webscrabing and foundation contacts	
	Combined filed from webscrabing and foundation contacts	
	Combined filed from webscrabing and foundation contacts	
	Combined filed from webscrabing and foundation contacts	
	Combined filed from webscrabing and foundation contacts	
	Combined filed from webscrabing and foundation contacts	
	Combined filed from webscrabing and foundation contacts	
	Combined filed from webscrabing and foundation contacts	
	Combined filed from webscrabing and foundation contacts	
	Combined filed from webscrabing and foundation contacts	
	Combined filed from webscrabing and foundation contacts	
	Combined filed from webscrabing and foundation contacts	
	Combined filed from webscrabing and foundation contacts	
	Combined filed from webscrabing and foundation contacts	
	Combined filed from webscrabing and foundation contacts	
	Combined filed from webscrabing and foundation contacts	
	Combined filed from webscrabing and foundation contacts	
	Combined filed from webscrabing and foundation contacts	
	Combined filed from webscrabing and foundation contacts	
	Combined filed from webscrabing and foundation contacts	
	Combined filed from webscrabing and foundation contacts	
	Combined filed from webscrabing and foundation contacts	
	Combined filed from webscrabing and foundation contacts	
	Combined filed from webscrabing and foundation contacts	
	Combined filed from webscrabing and foundation contacts	
	Combined filed from webscrabing and foundation contacts	
	Combined filed from webscrabing and foundation contacts	
	Combined filed from webscrabing and foundation contacts	
	Combined filed from webscrabing and foundation contacts	
	Combined filed from webscrabing and foundation contacts	
	Combined filed from webscrabing and foundation contacts	
	Combined filed from webscrabing and foundation contacts	
	Combined filed from webscrabing and foundation contacts	
	Combined filed from webscrabing and foundation contacts	
	Combined filed from webscrabing and foundation contacts	
	Combined filed from webscrabing and foundation contacts	
	Combined filed from webscrabing and foundation contacts	
	Combined filed from webscrabing and foundation contacts	
	Combined filed from webscrabing and foundation contacts	
	Combined filed from webscrabing and foundation contacts	
	Combined filed from webscrabing and foundation contacts	
	Combined filed from webscrabing and foundation contacts	
	Combined filed from webscrabing and foundation contacts	
	Combined filed from webscrabing and foundation contacts	
	Combined filed from webscrabing and foundation contacts	
	Combined filed from webscrabing and foundation contacts	
	Combined filed from webscrabing and foundation contacts	
	Combined filed from webscrabing and foundation contacts	
	Combined filed from webscrabing and foundation contacts	
	Combined filed from webscrabing and foundation contacts	
	Combined filed from webscrabing and foundation contacts	
	Combined filed from webscrabing and foundation contacts	
	Combined filed from webscrabing and foundation contacts	
	Combined filed from webscrabing and foundation contacts	
	Combined filed from webscrabing and foundation contacts	
	Combined filed from webscrabing and foundation contacts	
	Combined filed from webscrabing and foundation contacts	
	Combined filed from webscrabing and foundation contacts	
	Combined filed from webscrabing and foundation contacts	
	Combined filed from webscrabing and foundation contacts	
	Combined filed from webscrabing and foundation contacts	
	Combined filed from webscrabing and foundation contacts	
	Combined filed from webscrabing and foundation contacts	
	Combined filed from webscrabing and foundation contacts	
	Combined filed from webscrabing and foundation contacts	
	Combined filed from webscrabing and foundation contacts	
	Combined filed from webscrabing and foundation contacts	
	Combined filed from webscrabing and foundation contacts	
	Combined filed from webscrabing and foundation contacts	
	Combined filed from webscrabing and foundation contacts	
	Combined filed from webscrabing and foundation contacts	
	Combined filed from webscrabing and foundation contacts	
	Combined filed from webscrabing and foundation contacts	
	Combined filed from webscrabing and foundation contacts	
	Combined filed from webscrabing and foundation contacts	
	Combined filed from webscrabing and foundation contacts	
	Combined filed from webscrabing and foundation contacts	
	Combined filed from webscrabing and foundation contacts	
	Combined filed from webscrabing and foundation contacts	
	Combined filed from webscrabing and foundation contacts	
	Combined filed from webscrabing and foundation contacts	
	Combined filed from webscrabing and foundation contacts	
	Combined filed from webscrabing and foundation contacts	
	Combined filed from webscrabing and foundation contacts	
	Combined filed from webscrabing and foundation contacts	
	Combined filed from webscrabing and foundation contacts	
	Combined filed from webscrabing and foundation contacts	
	Combined filed from webscrabing and foundation contacts	
	Combined filed from webscrabing and foundation contacts	
	Combined filed from webscrabing and foundation contacts	
	Combined filed from webscrabing and foundation contacts	
	Combined filed from webscrabing and foundation contacts	
	Combined filed from webscrabing and foundation contacts	
	Combined filed from webscrabing and foundation contacts	
	Combined filed from webscrabing and foundation contacts	
	Combined filed from webscrabing and foundation contacts	
	Combined filed from webscrabing and foundation contacts	
	Combined filed from webscrabing and foundation contacts	
	Combined filed from webscrabing and foundation contacts	
	Combined filed from webscrabing and foundation contacts	
	Combined filed from webscrabing and foundation contacts	
	Combined filed from webscrabing and foundation contacts	
	Combined filed from webscrabing and foundation contacts	
	Combined filed from webscrabing and foundation contacts	
	Combined filed from webscrabing and foundation contacts	
	Combined filed from webscrabing and foundation contacts	
	Combined filed from webscrabing and foundation contacts	
	Combined filed from webscrabing and foundation contacts	
	Combined filed from webscrabing and foundation contacts	
	Combined filed from webscrabing and foundation contacts	
	Combined filed from webscrabing and foundation contacts	
	Combined filed from webscrabing and foundation contacts	
	Combined filed from webscrabing and foundation contacts	
	Combined filed from webscrabing and foundation contacts	
	Combined filed from webscrabing and foundation contacts	
	Combined filed from webscrabing and foundation contacts	
	Combined filed from webscrabing and foundation contacts	
	Combined filed from webscrabing and foundation contacts	
	Combined filed from webscrabing and foundation contacts	
	Combined filed from webscrabing and foundation contacts	
	Combined filed from webscrabing and foundation contacts	
	Combined filed from webscrabing and foundation contacts	
	Combined filed from webscrabing and foundation contacts	
	Combined filed from webscrabing and foundation contacts	
	Combined filed from webscrabing and foundation contacts	
	Combined filed from webscrabing and foundation contacts	
	Combined filed from webscrabing and foundation contacts	
	Combined filed from webscrabing and foundation contacts	
	Combined filed from webscrabing and foundation contacts	
	Combined filed from webscrabing and foundation contacts	
	Combined filed from webscrabing and foundation contacts	
	Combined filed from webscrabing and foundation contacts	
	Combined filed from webscrabing and foundation contacts	
	Combined filed from webscrabing and foundation contacts	
	Combined filed from webscrabing and foundation contacts	
	Combined filed from webscrabing and foundation contacts	
	Combined filed from webscrabing and foundation contacts	
	Combined filed from webscrabing and foundation contacts	
	Combined filed from webscrabing and foundation contacts	
	Combined filed from webscrabing and foundation contacts	
	Combined filed from webscrabing and foundation contacts	
	Combined filed from webscrabing and foundation contacts	
	Combined filed from webscrabing and foundation contacts	
	Combined filed from webscrabing and foundation contacts	
	Combined filed from webscrabing and foundation contacts	
	Combined filed from webscrabing and foundation contacts	
	Combined filed from webscrabing and foundation contacts	
	Combined filed from webscrabing and foundation contacts	
	Combined filed from webscrabing and foundation contacts	
	Combined filed from webscrabing and foundation contacts	
	Combined filed from webscrabing and foundation contacts	
	Combined filed from webscrabing and foundation contacts	
	Combined filed from webscrabing and foundation contacts	
	Combined filed from webscrabing and foundation contacts	
	Combined filed from webscrabing and foundation contacts	
	Combined filed from webscrabing and foundation contacts	
	Combined filed from webscrabing and foundation contacts	
	Combined filed from webscrabing and foundation contacts	
	Combined filed from webscrabing and foundation contacts	
	Combined filed from webscrabing and foundation contacts	
	Combined filed from webscrabing and foundation contacts	
	Combined filed from webscrabing and foundation contacts	
	Combined filed from webscrabing and foundation contacts	
	Combined filed from webscrabing and foundation contacts	
	Combined filed from webscrabing and foundation contacts	
	Combined filed from webscrabing and foundation contacts	
	Combined filed from webscrabing and foundation contacts	
	Combined filed from webscrabing and foundation contacts	
	Combined filed from webscrabing and foundation contacts	
	Combined filed from webscrabing and foundation contacts	
	Combined filed from webscrabing and foundation contacts	
	Combined filed from webscrabing and foundation contacts	
	Combined filed from webscrabing and foundation contacts	
	Combined filed from webscrabing and foundation contacts	
	Combined filed from webscrabing and foundation contacts	
	Combined filed from webscrabing and foundation contacts	
	Combined filed from webscrabing and foundation contacts	
	Combined filed from webscrabing and foundation contacts	
	Combined filed from webscrabing and foundation contacts	
	Combined filed from webscrabing and foundation contacts	
	Combined filed from webscrabing and foundation contacts	
	Combined filed from webscrabing and foundation contacts	
	Combined filed from webscrabing and foundation contacts	
	Combined filed from webscrabing and foundation contacts	
	Combined filed from webscrabing and foundation contacts	
	Combined filed from webscrabing and foundation contacts	
	Combined filed from webscrabing and foundation contacts	
	Combined filed from webscrabing and foundation contacts	
	Combined filed from webscrabing and foundation contacts	
	Combined filed from webscrabing and foundation contacts	
	Combined filed from webscrabing and foundation contacts	
	Combined filed from webscrabing and foundation contacts	
	Combined filed from webscrabing and foundation contacts	
	Combined filed from webscrabing and foundation contacts	
	Combined filed from webscrabing and foundation contacts	
	Combined filed from webscrabing and foundation contacts	
	Combined filed from webscrabing and foundation contacts	
	Combined filed from webscrabing and foundation contacts	
	Combined filed from webscrabing and foundation contacts	
	Combined filed from webscrabing and foundation contacts	
	Combined filed from webscrabing and foundation contacts	
	Combined filed from webscrabing and foundation contacts	
	Combined filed from webscrabing and foundation contacts	
	Combined filed from webscrabing and foundation contacts	
	Combined filed from webscrabing and foundation contacts	
	Combined filed from webscrabing and foundation contacts	
	Combined filed from webscrabing and foundation contacts	
	Combined filed from webscrabing and foundation contacts	
	Combined filed from webscrabing and foundation contacts	
	Combined filed from webscrabing and foundation contacts	
	Combined filed from webscrabing and foundation contacts	
	Combined filed from webscrabing and foundation contacts	
	Combined filed from webscrabing and foundation contacts	
	Combined filed from webscrabing and foundation contacts	
	Combined filed from webscrabing and foundation contacts	
	Combined filed from webscrabing and foundation contacts	
	Combined filed from webscrabing and foundation contacts	
	Combined filed from webscrabing and foundation contacts	
	Combined filed from webscrabing and foundation contacts	
	Combined filed from webscrabing and foundation contacts	
	Combined filed from webscrabing and foundation contacts	
	Combined filed from webscrabing and foundation contacts	
	Combined filed from webscrabing and foundation contacts	
	Combined filed from webscrabing and foundation contacts	
	Combined filed from webscrabing and foundation contacts	
	Combined filed from webscrabing and foundation contacts	
	Combined filed from webscrabing and foundation contacts	
	Combined filed from webscrabing and foundation contacts	
	Combined filed from webscrabing and foundation contacts	
	Combined filed from webscrabing and foundation contacts	
	Combined filed from webscrabing and foundation contacts	
	Combined filed from webscrabing and foundation contacts	
	Combined filed from webscrabing and foundation contacts	
	Combined filed from webscrabing and foundation contacts	
	Combined filed from webscrabing and foundation contacts	
	Combined filed from webscrabing and foundation contacts	
	Combined filed from webscrabing and foundation contacts	
	Combined filed from webscrabing and foundation contacts	
	Combined filed from webscrabing and foundation contacts	
	Combined filed from webscrabing and foundation contacts	
	Combined filed from webscrabing and foundation contacts	
	Combined filed from webscrabing and foundation contacts	
	Combined filed from webscrabing and foundation contacts	
	Combined filed from webscrabing and foundation contacts	
	Combined filed from webscrabing and foundation contacts	
	Combined filed from webscrabing and foundation contacts	
	Combined filed from webscrabing and foundation contacts	
	Combined filed from webscrabing and foundation contacts	
	Combined filed from webscrabing and foundation contacts	
	Combined filed from webscrabing and foundation contacts	
	Combined filed from webscrabing and foundation contacts	
	Combined filed from webscrabing and foundation contacts	
	Combined filed from webscrabing and foundation contacts	
	Combined filed from webscrabing and foundation contacts	
	Combined filed from webscrabing and foundation contacts	
	Combined filed from webscrabing and foundation contacts	
	Combined filed from webscrabing and foundation contacts	
	Combined filed from webscrabing and foundation contacts	
	Combined filed from webscrabing and foundation contacts	
	Combined filed from webscrabing and foundation contacts	
	Combined filed from webscrabing and foundation contacts	
	Combined filed from webscrabing and foundation contacts	
	Combined filed from webscrabing and foundation contacts	
	Combined filed from webscrabing and foundation contacts	
	Combined filed from webscrabing and foundation contacts	
	Combined filed from webscrabing and foundation contacts	
	Combined filed from webscrabing and foundation contacts	
	Combined filed from webscrabing and foundation contacts	
	Combined filed from webscrabing and foundation contacts	
	Combined filed from webscrabing and foundation contacts	
	Combined filed from webscrabing and foundation contacts	
	Combined filed from webscrabing and foundation contacts	
	Combined filed from webscrabing and foundation contacts	
	Combined filed from webscrabing and foundation contacts	
	Combined filed from webscrabing and foundation contacts	
	Combined filed from webscrabing and foundation contacts	
	Combined filed from webscrabing and foundation contacts	
	Combined filed from webscrabing and foundation contacts	
	Combined filed from webscrabing and foundation contacts	
	Combined filed from webscrabing and foundation contacts	
	Combined filed from webscrabing and foundation contacts	
	Combined filed from webscrabing and foundation contacts	
	Combined filed from webscrabing and foundation contacts	
	Combined filed from webscrabing and foundation contacts	
	Combined filed from webscrabing and foundation contacts	
	Combined filed from webscrabing and foundation contacts	
	Combined filed from webscrabing and foundation contacts	
	Combined filed from webscrabing and foundation contacts	
	Combined filed from webscrabing and foundation contacts	
	Combined filed from webscrabing and foundation contacts	
	Combined filed from webscrabing and foundation contacts	
	Combined filed from webscrabing and foundation contacts	
	Combined filed from webscrabing and foundation contacts	
	Combined filed from webscrabing and foundation contacts	
	Combined filed from webscrabing and foundation contacts	
	Combined filed from webscrabing and foundation contacts	
	Combined filed from webscrabing and foundation contacts	
	Combined filed from webscrabing and foundation contacts	
	Combined filed from webscrabing and foundation contacts	
	Combined filed from webscrabing and foundation contacts	
	Combined filed from webscrabing and foundation contacts	
	Combined filed from webscrabing and foundation contacts	
	Combined filed from webscrabing and foundation contacts	
	Combined filed from webscrabing and foundation contacts	
	Combined filed from webscrabing and foundation contacts	
	Combined filed from webscrabing and foundation contacts	
	Combined filed from webscrabing and foundation contacts	
	Combined filed from webscrabing and foundation contacts	
	Combined filed from webscrabing and foundation contacts	
	Combined filed from webscrabing and foundation contacts	
	Combined filed from webscrabing and foundation contacts	
	Combined filed from webscrabing and foundation contacts	
	Combined filed from webscrabing and foundation contacts	
	Combined filed from webscrabing and foundation contacts	
	Combined filed from webscrabing and foundation contacts	
	Combined filed from webscrabing and foundation contacts	
	Combined filed from webscrabing and foundation contacts	
	Combined filed from webscrabing and foundation contacts	
	Combined filed from webscrabing and foundation contacts	
	Combined filed from webscrabing and foundation contacts	
	Combined filed from webscrabing and foundation contacts	
	Combined filed from webscrabing and foundation contacts	
	Combined filed from webscrabing and foundation contacts	
	Combined filed from webscrabing and foundation contacts	
	Combined filed from webscrabing and foundation contacts	
	Combined filed from webscrabing and foundation contacts	
	Combined filed from webscrabing and foundation contacts	
	Combined filed from webscrabing and foundation contacts	
	Combined filed from webscrabing and foundation contacts	
	Combined filed from webscrabing and foundation contacts	
	Combined filed from webscrabing and foundation contacts	
	Combined filed from webscrabing and foundation contacts	
	Combined filed from webscrabing and foundation contacts	
	Combined filed from webscrabing and foundation contacts	
	Combined filed from webscrabing and foundation contacts	
	Combined filed from webscrabing and foundation contacts	
	Combined filed from webscrabing and foundation contacts	
	Combined filed from webscrabing and foundation contacts	
	Combined filed from webscrabing and foundation contacts	
	Combined filed from webscrabing and foundation contacts	
	Combined filed from webscrabing and foundation contacts	
	Combined filed from webscrabing and foundation contacts	
	Combined filed from webscrabing and foundation contacts	
	Combined filed from webscrabing and foundation contacts	
	Combined filed from webscrabing and foundation contacts	
	Combined filed from webscrabing and foundation contacts	
	Combined filed from webscrabing and foundation contacts	
	Combined filed from webscrabing and foundation contacts	
	Combined filed from webscrabing and foundation contacts	
	Combined filed from webscrabing and foundation contacts	
	Combined filed from webscrabing and foundation contacts	
	Combined filed from webscrabing and foundation contacts	
	Combined filed from webscrabing and foundation contacts	
	Combined filed from webscrabing and foundation contacts	
	Combined filed from webscrabing and foundation contacts	
	Combined filed from webscrabing and foundation contacts	
	Combined filed from webscrabing and foundation contacts	
	Combined filed from webscrabing and foundation contacts	
	Combined filed from webscrabing and foundation contacts	
	Combined filed from webscrabing and foundation contacts	
	Combined filed from webscrabing and foundation contacts	
	Combined filed from webscrabing and foundation contacts	
	Combined filed from webscrabing and foundation contacts	
	Combined filed from webscrabing and foundation contacts	
	Combined filed from webscrabing and foundation contacts	
	Combined filed from webscrabing and foundation contacts	
	Combined filed from webscrabing and foundation contacts	
	Combined filed from webscrabing and foundation contacts	
	Combined filed from webscrabing and foundation contacts	
	Combined filed from webscrabing and foundation contacts	
	Combined filed from webscrabing and foundation contacts	
	Combined filed from webscrabing and foundation contacts	
	Combined filed from webscrabing and foundation contacts	
	Combined filed from webscrabing and foundation contacts	
	Combined filed from webscrabing and foundation contacts	
	Combined filed from webscrabing and foundation contacts	
	Combined filed from webscrabing and foundation contacts	
	Combined filed from webscrabing and foundation contacts	
	Combined filed from webscrabing and foundation contacts	
	Combined filed from webscrabing and foundation contacts	
	Combined filed from webscrabing and foundation contacts	
	Combined filed from webscrabing and foundation contacts	
	Combined filed from webscrabing and foundation contacts	
	Combined filed from webscrabing and foundation contacts	
	Combined filed from webscrabing and foundation contacts	
	Combined filed from webscrabing and foundation contacts	
	Combined filed from webscrabing and foundation contacts	
	Combined filed from webscrabing and foundation contacts	
	Combined filed from webscrabing and foundation contacts	
	Combined filed from webscrabing and foundation contacts	
	Combined filed from webscrabing and foundation contacts	
	Combined filed from webscrabing and foundation contacts	
	Combined filed from webscrabing and foundation contacts	
	Combined filed from webscrabing and foundation contacts	
	Combined filed from webscrabing and foundation contacts	
	Combined filed from webscrabing and foundation contacts	
	Combined filed from webscrabing and foundation contacts	
	Combined filed from webscrabing and foundation contacts	
	Combined filed from webscrabing and foundation contacts	
	Combined filed from webscrabing and foundation contacts	
	Combined filed from webscrabing and foundation contacts	
	Combined filed from webscrabing and foundation contacts	
	Combined filed from webscrabing and foundation contacts	
	Combined filed from webscrabing and foundation contacts	
	Combined filed from webscrabing and foundation contacts	
	Combined filed from webscrabing and foundation contacts	
	Combined filed from webscrabing and foundation contacts	
	Combined filed from webscrabing and foundation contacts	
	Combined filed from webscrabing and foundation contacts	
	Combined filed from webscrabing and foundation contacts	
	Combined filed from webscrabing and foundation contacts	
	Combined filed from webscrabing and foundation contacts	
	Combined filed from webscrabing and foundation contacts	
	Combined filed from webscrabing and foundation contacts	
	Combined filed from webscrabing and foundation contacts	
	Combined filed from webscrabing and foundation contacts	
	Combined filed from webscrabing and foundation contacts	
	Combined filed from webscrabing and foundation contacts	
	Combined filed from webscrabing and foundation contacts	
	Combined filed from webscrabing and foundation contacts	
	Combined filed from webscrabing and foundation contacts	
	Combined filed from webscrabing and foundation contacts	
	Combined filed from webscrabing and foundation contacts	
	Combined filed from webscrabing and foundation contacts	
	Combined filed from webscrabing and foundation contacts	
	Combined filed from webscrabing and foundation contacts	
	Combined filed from webscrabing and foundation contacts	
	Combined filed from webscrabing and foundation contacts	
	Combined filed from webscrabing and foundation contacts	
	Combined filed from webscrabing and foundation contacts	
	Combined filed from webscrabing and foundation contacts	
	Combined filed from webscrabing and foundation contacts	
	Combined filed from webscrabing and foundation contacts	
	Combined filed from webscrabing and foundation contacts	
	Combined filed from webscrabing and foundation contacts	
	Combined filed from webscrabing and foundation contacts	
	Combined filed from webscrabing and foundation contacts	
	Combined filed from webscrabing and foundation contacts	
	Combined filed from webscrabing and foundation contacts	
	Combined filed from webscrabing and foundation contacts	
	Combined filed from webscrabing and foundation contacts	
	Combined filed from webscrabing and foundation contacts	
	Combined filed from webscrabing and foundation contacts	
	Combined filed from webscrabing and foundation contacts	
	Combined filed from webscrabing and foundation contacts	
	Combined filed from webscrabing and foundation contacts	
	Combined filed from webscrabing and foundation contacts	
	Combined filed from webscrabing and foundation contacts	
	Combined filed from webscrabing and foundation contacts	
	Combined filed from webscrabing and foundation contacts	
	Combined filed from webscrabing and foundation contacts	
	Combined filed from webscrabing and foundation contacts	
	Combined filed from webscrabing and foundation contacts	
	Combined filed from webscrabing and foundation contacts	
	Combined filed from webscrabing and foundation contacts	
	Combined filed from webscrabing and foundation contacts	
	Combined filed from webscrabing and foundation contacts	
	Combined filed from webscrabing and foundation contacts	
	Combined filed from webscrabing and foundation contacts	
	Combined filed from webscrabing and foundation contacts	
	Combined filed from webscrabing and foundation contacts	
	Combined filed from webscrabing and foundation contacts	
	Combined filed from webscrabing and foundation contacts	
	Combined filed from webscrabing and foundation contacts	
	Combined filed from webscrabing and foundation contacts	
	Combined filed from webscrabing and foundation contacts	
	Combined filed from webscrabing and foundation contacts	
	Combined filed from webscrabing and foundation contacts	
	Combined filed from webscrabing and foundation contacts	
	Combined filed from webscrabing and foundation contacts	
	Combined filed from webscrabing and foundation contacts	
	Combined filed from webscrabing and foundation contacts	
	Combined filed from webscrabing and foundation contacts	
	Combined filed from webscrabing and foundation contacts	
	Combined filed from webscrabing and foundation contacts	
	Combined filed from webscrabing and foundation contacts	
	Combined filed from webscrabing and foundation contacts	
	Combined filed from webscrabing and foundation contacts	
	Combined filed from webscrabing and foundation contacts	
	Combined filed from webscrabing and foundation contacts	
	Combined filed from webscrabing and foundation contacts	
	Combined filed from webscrabing and foundation contacts	
	Combined filed from webscrabing and foundation contacts	
	Combined filed from webscrabing and foundation contacts	
	Combined filed from webscrabing and foundation contacts	
	Combined filed from webscrabing and foundation contacts	
	Combined filed from webscrabing and foundation contacts	
	Combined filed from webscrabing and foundation contacts	
	Combined filed from webscrabing and foundation contacts	
	Combined filed from webscrabing and foundation contacts	
	Combined filed from webscrabing and foundation contacts	
	Combined filed from webscrabing and foundation contacts	
	Combined filed from webscrabing and foundation contacts	
	Combined filed from webscrabing and foundation contacts	
	Combined filed from webscrabing and foundation contacts	
	Combined filed from webscrabing and foundation contacts	
	Combined filed from webscrabing and foundation contacts	
	Combined filed from webscrabing and foundation contacts	
	Combined filed from webscrabing and foundation contacts	
	Combined filed from webscrabing and foundation contacts	
	Combined filed from webscrabing and foundation contacts	
	Combined filed from webscrabing and foundation contacts	
	Combined filed from webscrabing and foundation contacts	
	Combined filed from webscrabing and foundation contacts	
	Combined filed from webscrabing and foundation contacts	
	Combined filed from webscrabing and foundation contacts	
	Combined filed from webscrabing and foundation contacts	
	Combined filed from webscrabing and foundation contacts	
	Combined filed from webscrabing and foundation contacts	
	Combined filed from webscrabing and foundation contacts	
	Combined filed from webscrabing and foundation contacts	
	Combined filed from webscrabing and foundation contacts	
	Combined filed from webscrabing and foundation contacts	
	Combined filed from webscrabing and foundation contacts	
	Combined filed from webscrabing and foundation contacts	
	Combined filed from webscrabing and foundation contacts	
	Combined filed from webscrabing and foundation contacts	
	Combined filed from webscrabing and foundation contacts	
	Combined filed from webscrabing and foundation contacts	
	Combined filed from webscrabing and foundation contacts	
	Combined filed from webscrabing and foundation contacts	
	Combined filed from webscrabing and foundation contacts	
	Combined filed from webscrabing and foundation contacts	
	Combined filed from webscrabing and foundation contacts	
	Combined filed from webscrabing and foundation contacts	
	Combined filed from webscrabing and foundation contacts	
	Combined filed from webscrabing and foundation contacts	
	Combined filed from webscrabing and foundation contacts	
	Combined filed from webscrabing and foundation contacts	
	Combined filed from webscrabing and foundation contacts	
	Combined filed from webscrabing and foundation contacts	
	Combined filed from webscrabing and foundation contacts	
	Combined filed from webscrabing and foundation contacts	
	Combined filed from webscrabing and foundation contacts	
	Combined filed from webscrabing and foundation contacts	
	Combined filed from webscrabing and foundation contacts	
	Combined filed from webscrabing and foundation contacts	
	Combined filed from webscrabing and foundation contacts	
	Combined filed from webscrabing and foundation contacts	
	Combined filed from webscrabing and foundation contacts	
	Combined filed from webscrabing and foundation contacts	
	Combined filed from webscrabing and foundation contacts	
	Combined filed from webscrabing and foundation contacts	
	Combined filed from webscrabing and foundation contacts	
	Combined filed from webscrabing and foundation contacts	
	Combined filed from webscrabing and foundation contacts	
	Combined filed from webscrabing and foundation contacts	
	Combined filed from webscrabing and foundation contacts	
	Combined filed from webscrabing and foundation contacts	
	Combined filed from webscrabing and foundation contacts	
	Combined filed from webscrabing and foundation contacts	
	Combined filed from webscrabing and foundation contacts	
	Combined filed from webscrabing and foundation contacts	
	Combined filed from webscrabing and foundation contacts	
	Combined filed from webscrabing and foundation contacts	
	Combined filed from webscrabing and foundation contacts	
	Combined filed from webscrabing and foundation contacts	
	Combined filed from webscrabing and foundation contacts	
	Combined filed from webscrabing and foundation contacts	
	Combined filed from webscrabing and foundation contacts	
	Combined filed from webscrabing and foundation contacts	
	Combined filed from webscrabing and foundation contacts	
	Combined filed from webscrabing and foundation contacts	
	Combined filed from webscrabing and foundation contacts	
	Combined filed from webscrabing and foundation contacts	
	Combined filed from webscrabing and foundation contacts	
	Combined filed from webscrabing and foundation contacts	
	Combined filed from webscrabing and foundation contacts	
	Combined filed from webscrabing and foundation contacts	
	Combined filed from webscrabing and foundation contacts	
	Combined filed from webscrabing and foundation contacts	
	Combined filed from webscrabing and foundation contacts	
	Combined filed from webscrabing and foundation contacts	
	Combined filed from webscrabing and foundation contacts	
	Combined filed from webscrabing and foundation contacts	
	Combined filed from webscrabing and foundation contacts	
	Combined filed from webscrabing and foundation contacts	
	Combined filed from webscrabing and foundation contacts	
	Combined filed from webscrabing and foundation contacts	
	Combined filed from webscrabing and foundation contacts	
	Combined filed from webscrabing and foundation contacts	
	Combined filed from webscrabing and foundation contacts	
	Combined filed from webscrabing and foundation contacts	
	Combined filed from webscrabing and foundation contacts	
	Combined filed from webscrabing and foundation contacts	
	Combined filed from webscrabing and foundation contacts	
	Combined filed from webscrabing and foundation contacts	
	Combined filed from webscrabing and foundation contacts	
	Combined filed from webscrabing and foundation contacts	
	Combined filed from webscrabing and foundation contacts	
	Combined filed from webscrabing and foundation contacts	
	Combined filed from webscrabing and foundation contacts	
	Combined filed from webscrabing and foundation contacts	
	Combined filed from webscrabing and foundation contacts	
	Combined filed from webscrabing and foundation contacts	
	Combined filed from webscrabing and foundation contacts	
	Combined filed from webscrabing and foundation contacts	
	Combined filed from webscrabing and foundation contacts	
	Combined filed from webscrabing and foundation contacts	
	Combined filed from webscrabing and foundation contacts	
	Combined filed from webscrabing and foundation contacts	
	Combined filed from webscrabing and foundation contacts	
	Combined filed from webscrabing and foundation contacts	
	Combined filed from webscrabing and foundation contacts	
	Combined filed from webscrabing and foundation contacts	
	Combined filed from webscrabing and foundation contacts	
	Combined filed from webscrabing and foundation contacts	
	Combined filed from webscrabing and foundation contacts	
	Combined filed from webscrabing and foundation contacts	
	Combined filed from webscrabing and foundation contacts	
	Combined filed from webscrabing and foundation contacts	
	Combined filed from webscrabing and foundation contacts	
	Combined filed from webscrabing and foundation contacts	
	Combined filed from webscrabing and foundation contacts	
	Combined filed from webscrabing and foundation contacts	
	Combined filed from webscrabing and foundation contacts	
	Combined filed from webscrabing and foundation contacts	
	Combined filed from webscrabing and foundation contacts	
	Combined filed from webscrabing and foundation contacts	
	Combined filed from webscrabing and foundation contacts	
	Combined filed from webscrabing and foundation contacts	
	Combined filed from webscrabing and foundation contacts	
	Combined filed from webscrabing and foundation contacts	
	Combined filed from webscrabing and foundation contacts	
	Combined filed from webscrabing and foundation contacts	
	Combined filed from webscrabing and foundation contacts	
	Combined filed from webscrabing and foundation contacts	
	Combined filed from webscrabing and foundation contacts	
	Combined filed from webscrabing and foundation contacts	
	Combined filed from webscrabing and foundation contacts	
	Combined filed from webscrabing and foundation contacts	
	Combined filed from webscrabing and foundation contacts	
	Combined filed from webscrabing and foundation contacts	
	Combined filed from webscrabing and foundation contacts	
	Combined filed from webscrabing and foundation contacts	
	Combined filed from webscrabing and foundation contacts	
	Combined filed from webscrabing and foundation contacts	
	Combined filed from webscrabing and foundation contacts	
	Combined filed from webscrabing and foundation contacts	
	Combined filed from webscrabing and foundation contacts	
	Combined filed from webscrabing and foundation contacts	
	Combined filed from webscrabing and foundation contacts	
	Combined filed from webscrabing and foundation contacts	
	Combined filed from webscrabing and foundation contacts	
	Combined filed from webscrabing and foundation contacts	
	Combined filed from webscrabing and foundation contacts	
	Combined filed from webscrabing and foundation contacts	
	Combined filed from webscrabing and foundation contacts	
	Combined filed from webscrabing and foundation contacts	
	Combined filed from webscrabing and foundation contacts	
	Combined filed from webscrabing and foundation contacts	
	Combined filed from webscrabing and foundation contacts	
	Combined filed from webscrabing and foundation contacts	
	Combined filed from webscrabing and foundation contacts	
	Combined filed from webscrabing and foundation contacts	
	Combined filed from webscrabing and foundation contacts	
	Combined filed from webscrabing and foundation contacts	
	Combined filed from webscrabing and foundation contacts	
	Combined filed from webscrabing and foundation contacts	
	Combined filed from webscrabing and foundation contacts	
	Combined filed from webscrabing and foundation contacts	
	Combined filed from webscrabing and foundation contacts	
	Combined filed from webscrabing and foundation contacts	
	Combined filed from webscrabing and foundation contacts	
	Combined filed from webscrabing and foundation contacts	
	Combined filed from webscrabing and foundation contacts	
	Combined filed from webscrabing and foundation contacts	
	Combined filed from webscrabing and foundation contacts	
	Combined filed from webscrabing and foundation contacts	
	Combined filed from webscrabing and foundation contacts	
	Combined filed from webscrabing and foundation contacts	
	Combined filed from webscrabing and foundation contacts	
	Combined filed from webscrabing and foundation contacts	
	Combined filed from webscrabing and foundation contacts	
	Combined filed from webscrabing and foundation contacts	
	Combined filed from webscrabing and foundation contacts	
	Combined filed from webscrabing and foundation contacts	
	Combined filed from webscrabing and foundation contacts	
	Combined filed from webscrabing and foundation contacts	
	Combined filed from webscrabing and foundation contacts	
	Combined filed from webscrabing and foundation contacts	
	Combined filed from webscrabing and foundation contacts	
	Combined filed from webscrabing and foundation contacts	
	Combined filed from webscrabing and foundation contacts	
	Combined filed from webscrabing and foundation contacts	
	Combined filed from webscrabing and foundation contacts	
	Combined filed from webscrabing and foundation contacts	
	Combined filed from webscrabing and foundation contacts	
	Combined filed from webscrabing and foundation contacts	
	Combined filed from webscrabing and foundation contacts	
	Combined filed from webscrabing and foundation contacts	
	Combined filed from webscrabing and foundation contacts	
	Combined filed from webscrabing and foundation contacts	
	Combined filed from webscrabing and foundation contacts	
	Combined filed from webscrabing and foundation contacts	
	Combined filed from webscrabing and foundation contacts	
	Combined filed from webscrabing and foundation contacts	
	Combined filed from webscrabing and foundation contacts	
	Combined filed from webscrabing and foundation contacts	
	Combined filed from webscrabing and foundation contacts	
	Combined filed from webscrabing and foundation contacts	
	Combined filed from webscrabing and foundation contacts	
	Combined filed from webscrabing and foundation contacts	
	Combined filed from webscrabing and foundation contacts	
	Combined filed from webscrabing and foundation contacts	
	Combined filed from webscrabing and foundation contacts	
	Combined filed from webscrabing and foundation contacts	
	Combined filed from webscrabing and foundation contacts	
	Combined filed from webscrabing and foundation contacts	
	Combined filed from webscrabing and foundation contacts	
	Combined filed from webscrabing and foundation contacts	
	Combined filed from webscrabing and foundation contacts	
	Combined filed from webscrabing and foundation contacts	
	Combined filed from webscrabing and foundation contacts	
	Combined filed from webscrabing and foundation contacts	
	Combined filed from webscrabing and foundation contacts	
	Combined filed from webscrabing and foundation contacts	
	Combined filed from webscrabing and foundation contacts	
	Combined filed from webscrabing and foundation contacts	
	Combined filed from webscrabing and foundation contacts	
	Combined filed from webscrabing and foundation contacts	
	Combined filed from webscrabing and foundation contacts	
	Combined filed from webscrabing and foundation contacts	
	Combined filed from webscrabing and foundation contacts	
	Combined filed from webscrabing and foundation contacts	
	Combined filed from webscrabing and foundation contacts	
	Combined filed from webscrabing and foundation contacts	
	Combined filed from webscrabing and foundation contacts	
	Combined filed from webscrabing and foundation contacts	
	Combined filed from webscrabing and foundation contacts	
	Combined filed from webscrabing and foundation contacts	
	Combined filed from webscrabing and foundation contacts	
	Combined filed from webscrabing and foundation contacts	
	Combined filed from webscrabing and foundation contacts	
	Combined filed from webscrabing and foundation contacts	
	Combined filed from webscrabing and foundation contacts	
	Combined filed from webscrabing and foundation contacts	
	Combined filed from webscrabing and foundation contacts	
	Combined filed from webscrabing and foundation contacts	
	Combined filed from webscrabing and foundation contacts	
	Combined filed from webscrabing and foundation contacts	
	Combined filed from webscrabing and foundation contacts	
	Combined filed from webscrabing and foundation contacts	
	Combined filed from webscrabing and foundation contacts	
	Combined filed from webscrabing and foundation contacts	
	Combined filed from webscrabing and foundation contacts	
	Combined filed from webscrabing and foundation contacts	
	Combined filed from webscrabing and foundation contacts	
	Combined filed from webscrabing and foundation contacts	
	Combined filed from webscrabing and foundation contacts	
	Combined filed from webscrabing and foundation contacts	
	Combined filed from webscrabing and foundation contacts	
	Combined filed from webscrabing and foundation contacts	
	Combined filed from webscrabing and foundation contacts	
	Combined filed from webscrabing and foundation contacts	
	Combined filed from webscrabing and foundation contacts	
	Combined filed from webscrabing and foundation contacts	
	Combined filed from webscrabing and foundation contacts	
	Combined filed from webscrabing and foundation contacts	
	Combined filed from webscrabing and foundation contacts	
	Combined filed from webscrabing and foundation contacts	
	Combined filed from webscrabing and foundation contacts	
	Combined filed from webscrabing and foundation contacts	
	Combined filed from webscrabing and foundation contacts	
	Combined filed from webscrabing and foundation contacts	
	Combined filed from webscrabing and foundation contacts	
	Combined filed from webscrabing and foundation contacts	
	Combined filed from webscrabing and foundation contacts	
	Combined filed from webscrabing and foundation contacts	
	Combined filed from webscrabing and foundation contacts	
	Combined filed from webscrabing and foundation contacts	
	Combined filed from webscrabing and foundation contacts	
	Combined filed from webscrabing and foundation contacts	
	Combined filed from webscrabing and foundation contacts	
	Combined filed from webscrabing and foundation contacts	
	Combined filed from webscrabing and foundation contacts	
	Combined filed from webscrabing and foundation contacts	
	Combined filed from webscrabing and foundation contacts	
	Combined filed from webscrabing and foundation contacts	
	Combined filed from webscrabing and foundation contacts	
	Combined filed from webscrabing and foundation contacts	
	Combined filed from webscrabing and foundation contacts	
	Combined filed from webscrabing and foundation contacts	
	Combined filed from webscrabing and foundation contacts	
	Combined filed from webscrabing and foundation contacts	
	Combined filed from webscrabing and foundation contacts	
	Combined filed from webscrabing and foundation contacts	
	Combined filed from webscrabing and foundation contacts	
	Combined filed from webscrabing and foundation contacts	
	Combined filed from webscrabing and foundation contacts	
	Combined filed from webscrabing and foundation contacts	
	Combined filed from webscrabing and foundation contacts	
	Combined filed from webscrabing and foundation contacts	
	Combined filed from webscrabing and foundation contacts	
	Combined filed from webscrabing and foundation contacts	
	Combined filed from webscrabing and foundation contacts	
	Combined filed from webscrabing and foundation contacts	
	Combined filed from webscrabing and foundation contacts	
	Combined filed from webscrabing and foundation contacts	
	Combined filed from webscrabing and foundation contacts	
	Combined filed from webscrabing and foundation contacts	
	Combined filed from webscrabing and foundation contacts	
	Combined filed from webscrabing and foundation contacts	
	Combined filed from webscrabing and foundation contacts	
	Combined filed from webscrabing and foundation contacts	
	Combined filed from webscrabing and foundation contacts	
	Combined filed from webscrabing and foundation contacts	
	Combined filed from webscrabing and foundation contacts	
	Combined filed from webscrabing and foundation contacts	
	Combined filed from webscrabing and foundation contacts	
	Combined filed from webscrabing and foundation contacts	
	Combined filed from webscrabing and foundation contacts	
	Combined filed from webscrabing and foundation contacts	
	Combined filed from webscrabing and foundation contacts	
	Combined filed from webscrabing and foundation contacts	
	Combined filed from webscrabing and foundation contacts	
	Combined filed from webscrabing and foundation contacts	
	Combined filed from webscrabing and foundation contacts	
	Combined filed from webscrabing and foundation contacts	
	Combined filed from webscrabing and foundation contacts	
	Combined filed from webscrabing and foundation contacts	
	Combined filed from webscrabing and foundation contacts	
	Combined filed from webscrabing and foundation contacts	
	Combined filed from webscrabing and foundation contacts	
	Combined filed from webscrabing and foundation contacts	
	Combined filed from webscrabing and foundation contacts	
	Combined filed from webscrabing and foundation contacts	
	Combined filed from webscrabing and foundation contacts	
	Combined filed from webscrabing and foundation contacts	
	Combined filed from webscrabing and foundation contacts	
	Combined filed from webscrabing and foundation contacts	
	Combined filed from webscrabing and foundation contacts	
	Combined filed from webscrabing and foundation contacts	
	Combined filed from webscrabing and foundation contacts	
	Combined filed from webscrabing and foundation contacts	
	Combined filed from webscrabing and foundation contacts	
	Combined filed from webscrabing and foundation contacts	
	Combined filed from webscrabing and foundation contacts	
	Combined filed from webscrabing and foundation contacts	
	Combined filed from webscrabing and foundation contacts	
	Combined filed from webscrabing and foundation contacts	
	Combined filed from webscrabing and foundation contacts	
	Combined filed from webscrabing and foundation contacts	
	Combined filed from webscrabing and foundation contacts	
	Combined filed from webscrabing and foundation contacts	
	Combined filed from webscrabing and foundation contacts	
	Combined filed from webscrabing and foundation contacts	
	Combined filed from webscrabing and foundation contacts	
	Combined filed from webscrabing and foundation contacts	
	Combined filed from webscrabing and foundation contacts	
	Combined filed from webscrabing and foundation contacts	
	Combined filed from webscrabing and foundation contacts	
	Combined filed from webscrabing and foundation contacts	
	Combined filed from webscrabing and foundation contacts	
	Combined filed from webscrabing and foundation contacts	
	Combined filed from webscrabing and foundation contacts	
	Combined filed from webscrabing and foundation contacts	
	Combined filed from webscrabing and foundation contacts	
	Combined filed from webscrabing and foundation contacts	
	Combined filed from webscrabing and foundation contacts	
	Combined filed from webscrabing and foundation contacts	
	Combined filed from webscrabing and foundation contacts	
	Combined filed from webscrabing and foundation contacts	
	Combined filed from webscrabing and foundation contacts	
	Combined filed from webscrabing and foundation contacts	
	Combined filed from webscrabing and foundation contacts	
	Combined filed from webscrabing and foundation contacts	
	Combined filed from webscrabing and foundation contacts	
	Combined filed from webscrabing and foundation contacts	
	Combined filed from webscrabing and foundation contacts	
	Combined filed from webscrabing and foundation contacts	
	Combined filed from webscrabing and foundation contacts	
	Combined filed from webscrabing and foundation contacts	
	Combined filed from webscrabing and foundation contacts	
	Combined filed from webscrabing and foundation contacts	
	Combined filed from webscrabing and foundation contacts	
	Combined filed from webscrabing and foundation contacts	
	Combined filed from webscrabing and foundation contacts	
	Combined filed from webscrabing and foundation contacts	
	Combined filed from webscrabing and foundation contacts	
	Combined filed from webscrabing and foundation contacts	
	Combined filed from webscrabing and foundation contacts	
	Combined filed from webscrabing and foundation contacts	
	Combined filed from webscrabing and foundation contacts	
	Combined filed from webscrabing and foundation contacts	
	Combined filed from webscrabing and foundation contacts	
	Combined filed from webscrabing and foundation contacts	
	Combined filed from webscrabing and foundation contacts	
	Combined filed from webscrabing and foundation contacts	
	Combined filed from webscrabing and foundation contacts	
	Combined filed from webscrabing and foundation contacts	
	Combined filed from webscrabing and foundation contacts	
	Combined filed from webscrabing and foundation contacts	
	Combined filed from webscrabing and foundation contacts	
	Combined filed from webscrabing and foundation contacts	
	Combined filed from webscrabing and foundation contacts	
	Combined filed from webscrabing and foundation contacts	
	Combined filed from webscrabing and foundation contacts	
	Combined filed from webscrabing and foundation contacts	
	Combined filed from webscrabing and foundation contacts	
	Combined filed from webscrabing and foundation contacts	
	Combined filed from webscrabing and foundation contacts	
	Combined filed from webscrabing and foundation contacts	
	Combined filed from webscrabing and foundation contacts	
	Combined filed from webscrabing and foundation contacts	
	Combined filed from webscrabing and foundation contacts	
	Combined filed from webscrabing and foundation contacts	
	Combined filed from webscrabing and foundation contacts	
	Combined filed from webscrabing and foundation contacts	
	Combined filed from webscrabing and foundation contacts	
	Combined filed from webscrabing and foundation contacts	
	Combined filed from webscrabing and foundation contacts	
	Combined filed from webscrabing and foundation contacts	
	Combined filed from webscrabing and foundation contacts	
	Combined filed from webscrabing and foundation contacts	
	Combined filed from webscrabing and foundation contacts	
	Combined filed from webscrabing and foundation contacts	
	Combined filed from webscrabing and foundation contacts	
	Combined filed from webscrabing and foundation contacts	
	Combined filed from webscrabing and foundation contacts	
	Combined filed from webscrabing and foundation contacts	
	Combined filed from webscrabing and foundation contacts	
	Combined filed from webscrabing and foundation contacts	
	Combined filed from webscrabing and foundation contacts	
	Combined filed from webscrabing and foundation contacts	
	Combined filed from webscrabing and foundation contacts	
	Combined filed from webscrabing and foundation contacts	
	Combined filed from webscrabing and foundation contacts	
	Combined filed from webscrabing and foundation contacts	
	Combined filed from webscrabing and foundation contacts	
	Combined filed from webscrabing and foundation contacts	
	Combined filed from webscrabing and foundation contacts	
	Combined filed from webscrabing and foundation contacts	
	Combined filed from webscrabing and foundation contacts	
	Combined filed from webscrabing and foundation contacts	
	Combined filed from webscrabing and foundation contacts	
